L1_WSS,L2_WSS,L3_WSS,MEM_WSS,GFLOPS,PROXY_ACCESS_TIME,GFLOPS_RANKING,PROXY_ACCESS_RANKING
324.0, 65600.0, 0.0, 67174400.0, 1.8111700000000002, 5643569296.0, 302.0, 1.0, 
564.0, 65600.0, 0.0, 67174400.0, 1.6469880000000001, 5643570256.0, 364.0, 2.0, 
1044.0, 65600.0, 0.0, 67174400.0, 1.0548620000000002, 5643572176.0, 558.0, 3.0, 
2004.0, 65600.0, 0.0, 67174400.0, 1.0120069999999999, 5643576016.0, 600.0, 4.0, 
3924.0, 65600.0, 0.0, 67174400.0, 0.8948959999999999, 5643583696.0, 843.0, 5.0, 
7764.0, 65600.0, 0.0, 67174400.0, 0.8623709999999999, 5643599056.0, 945.0, 6.0, 
15444.0, 65600.0, 0.0, 67174400.0, 0.867871, 5643629776.0, 941.0, 7.0, 
30804.0, 65600.0, 0.0, 67174400.0, 0.866398, 5643691216.0, 942.0, 8.0, 
532.0, 98432.0, 0.0, 67174400.0, 1.902728, 5644029776.0, 295.0, 9.0, 
900.0, 98432.0, 0.0, 67174400.0, 2.162816, 5644031248.0, 290.0, 10.0, 
1636.0, 98432.0, 0.0, 67174400.0, 1.100462, 5644034192.0, 526.0, 11.0, 
3108.0, 98432.0, 0.0, 67174400.0, 1.055687, 5644040080.0, 555.0, 12.0, 
6052.0, 98432.0, 0.0, 67174400.0, 0.917607, 5644051856.0, 637.0, 13.0, 
11940.0, 98432.0, 0.0, 67174400.0, 0.878135, 5644075408.0, 917.0, 14.0, 
23716.0, 98432.0, 0.0, 67174400.0, 0.8714629999999999, 5644122512.0, 940.0, 15.0, 
28692.0, 98432.0, 0.0, 67174400.0, 0.8554930000000001, 5644142416.0, 946.0, 16.0, 
22564.0, 123136.0, 0.0, 67174400.0, 0.8729319999999999, 5644463760.0, 935.0, 17.0, 
948.0, 164096.0, 0.0, 67174400.0, 3.320979, 5644950736.0, 263.0, 18.0, 
1572.0, 164096.0, 0.0, 67174400.0, 3.2950739999999996, 5644953232.0, 264.0, 19.0, 
2820.0, 164096.0, 0.0, 67174400.0, 1.299652, 5644958224.0, 387.0, 20.0, 
5316.0, 164096.0, 0.0, 67174400.0, 1.030836, 5644968208.0, 581.0, 21.0, 
10308.0, 164096.0, 0.0, 67174400.0, 0.908435, 5644988176.0, 672.0, 22.0, 
20292.0, 164096.0, 0.0, 67174400.0, 0.88087, 5645028112.0, 908.0, 23.0, 
16388.0, 172176.0, 0.0, 67174400.0, 0.748708, 5645125616.0, 986.0, 24.0, 
8196.0, 184608.0, 0.0, 67174400.0, 0.8658049999999999, 5645266896.0, 944.0, 25.0, 
19524.0, 184832.0, 0.0, 67174400.0, 0.877415, 5645315344.0, 923.0, 26.0, 
4100.0, 240192.0, 0.0, 67174400.0, 0.872811, 5646028688.0, 936.0, 27.0, 
452.0, 98432.0, 0.0, 67239936.0, 2.236001, 5649534480.0, 285.0, 28.0, 
756.0, 98432.0, 0.0, 67239936.0, 1.8072150000000002, 5649535696.0, 303.0, 29.0, 
1364.0, 98432.0, 0.0, 67239936.0, 3.148741, 5649538128.0, 268.0, 30.0, 
2580.0, 98432.0, 0.0, 67239936.0, 2.627938, 5649542992.0, 279.0, 31.0, 
5012.0, 98432.0, 0.0, 67239936.0, 1.613851, 5649552720.0, 365.0, 32.0, 
9876.0, 98432.0, 0.0, 67239936.0, 1.114636, 5649572176.0, 514.0, 33.0, 
19604.0, 98432.0, 0.0, 67239936.0, 1.1138709999999998, 5649611088.0, 516.0, 34.0, 
14356.0, 123136.0, 0.0, 67239936.0, 1.114933, 5649935952.0, 513.0, 35.0, 
724.0, 131328.0, 0.0, 67239936.0, 4.34486, 5649996112.0, 255.0, 36.0, 
1156.0, 131328.0, 0.0, 67239936.0, 2.229, 5649997840.0, 286.0, 37.0, 
2020.0, 131328.0, 0.0, 67239936.0, 1.146778, 5650001296.0, 421.0, 38.0, 
3748.0, 131328.0, 0.0, 67239936.0, 1.067049, 5650008208.0, 546.0, 39.0, 
7204.0, 131328.0, 0.0, 67239936.0, 0.9288, 5650022032.0, 630.0, 40.0, 
14116.0, 131328.0, 0.0, 67239936.0, 0.8953139999999999, 5650049680.0, 838.0, 41.0, 
27940.0, 131328.0, 0.0, 67239936.0, 0.8900100000000001, 5650104976.0, 860.0, 42.0, 
28692.0, 147712.0, 0.0, 67239936.0, 0.875122, 5650337360.0, 928.0, 43.0, 
22564.0, 164352.0, 0.0, 67239936.0, 0.88126, 5650545808.0, 905.0, 44.0, 
1268.0, 197120.0, 0.0, 67239936.0, 6.85015, 5650919376.0, 171.0, 45.0, 
1956.0, 197120.0, 0.0, 67239936.0, 4.758134, 5650922128.0, 252.0, 46.0, 
3332.0, 197120.0, 0.0, 67239936.0, 1.315627, 5650927632.0, 383.0, 47.0, 
6084.0, 197120.0, 0.0, 67239936.0, 1.006637, 5650938640.0, 604.0, 48.0, 
11588.0, 197120.0, 0.0, 67239936.0, 0.9114200000000001, 5650960656.0, 662.0, 49.0, 
22596.0, 197120.0, 0.0, 67239936.0, 0.8831370000000001, 5651004688.0, 904.0, 50.0, 
16388.0, 172192.0, 98432.0, 67174400.0, 0.7470100000000001, 5651031760.0, 988.0, 51.0, 
19524.0, 222208.0, 0.0, 67239936.0, 0.8846350000000001, 5651343632.0, 892.0, 52.0, 
8196.0, 234016.0, 0.0, 67239936.0, 0.8781040000000001, 5651463632.0, 919.0, 53.0, 
16388.0, 237840.0, 0.0, 67239936.0, 1.022834, 5651549936.0, 589.0, 54.0, 
8196.0, 151872.0, 164096.0, 67174400.0, 0.865979, 5654654352.0, 943.0, 55.0, 
16388.0, 205088.0, 131328.0, 67239936.0, 0.804607, 5658971088.0, 957.0, 56.0, 
1780.0, 0.0, 295424.0, 67174400.0, 4.0634, 5660382160.0, 257.0, 57.0, 
2916.0, 0.0, 295424.0, 67174400.0, 3.960605, 5660386704.0, 258.0, 58.0, 
5188.0, 0.0, 295424.0, 67174400.0, 1.309985, 5660395792.0, 386.0, 59.0, 
9732.0, 0.0, 295424.0, 67174400.0, 1.035193, 5660413968.0, 578.0, 60.0, 
18820.0, 0.0, 295424.0, 67174400.0, 0.910748, 5660450320.0, 664.0, 61.0, 
18052.0, 18944.0, 295424.0, 67174400.0, 0.883149, 5660712464.0, 903.0, 62.0, 
4100.0, 84544.0, 197120.0, 67239936.0, 0.883476, 5661181840.0, 901.0, 63.0, 
2052.0, 71296.0, 295424.0, 67174400.0, 0.877151, 5661381392.0, 925.0, 64.0, 
708.0, 164096.0, 0.0, 67371008.0, 2.397744, 5661464848.0, 280.0, 65.0, 
1140.0, 164096.0, 0.0, 67371008.0, 1.879334, 5661466576.0, 297.0, 66.0, 
2004.0, 164096.0, 0.0, 67371008.0, 3.781429, 5661470032.0, 260.0, 67.0, 
3732.0, 164096.0, 0.0, 67371008.0, 3.04643, 5661476944.0, 275.0, 68.0, 
7188.0, 164096.0, 0.0, 67371008.0, 1.674696, 5661490768.0, 358.0, 69.0, 
14100.0, 164096.0, 0.0, 67371008.0, 1.120781, 5661518416.0, 503.0, 70.0, 
27924.0, 164096.0, 0.0, 67371008.0, 1.12069, 5661573712.0, 504.0, 71.0, 
1108.0, 197120.0, 0.0, 67371008.0, 5.104694, 5661928784.0, 249.0, 72.0, 
1668.0, 197120.0, 0.0, 67371008.0, 2.250728, 5661931024.0, 283.0, 73.0, 
2788.0, 197120.0, 0.0, 67371008.0, 1.173751, 5661935504.0, 407.0, 74.0, 
5028.0, 197120.0, 0.0, 67371008.0, 1.070429, 5661944464.0, 543.0, 75.0, 
9508.0, 197120.0, 0.0, 67371008.0, 0.9431709999999999, 5661962384.0, 627.0, 76.0, 
18468.0, 197120.0, 0.0, 67371008.0, 0.8997639999999999, 5661998224.0, 795.0, 77.0, 
14356.0, 205312.0, 0.0, 67371008.0, 1.126458, 5662096464.0, 497.0, 78.0, 
11300.0, 222208.0, 0.0, 67371008.0, 0.8948209999999999, 5662320784.0, 845.0, 79.0, 
8196.0, 168512.0, 197120.0, 67239936.0, 0.884599, 5662373776.0, 894.0, 80.0, 
4100.0, 141952.0, 295424.0, 67174400.0, 0.873518, 5662378768.0, 933.0, 81.0, 
22564.0, 246784.0, 0.0, 67371008.0, 0.893706, 5662709904.0, 850.0, 82.0, 
28692.0, 246272.0, 0.0, 67371008.0, 0.885074, 5662727248.0, 889.0, 83.0, 
16388.0, 139328.0, 328192.0, 67174400.0, 0.72833, 5664357264.0, 992.0, 84.0, 
2356.0, 0.0, 328704.0, 67239936.0, 10.525532, 5667886288.0, 95.0, 85.0, 
3556.0, 0.0, 328704.0, 67239936.0, 6.086198, 5667891088.0, 210.0, 86.0, 
5956.0, 0.0, 328704.0, 67239936.0, 1.3191030000000001, 5667900688.0, 381.0, 87.0, 
10756.0, 0.0, 328704.0, 67239936.0, 1.008699, 5667919888.0, 602.0, 88.0, 
20356.0, 0.0, 328704.0, 67239936.0, 0.913005, 5667958288.0, 660.0, 89.0, 
18052.0, 21504.0, 328704.0, 67239936.0, 0.886391, 5668250128.0, 876.0, 90.0, 
2052.0, 75904.0, 328704.0, 67239936.0, 0.885179, 5668947728.0, 888.0, 91.0, 
4100.0, 150656.0, 328704.0, 67239936.0, 0.88635, 5670002448.0, 877.0, 92.0, 
8196.0, 135296.0, 443392.0, 67174400.0, 0.872033, 5671180048.0, 938.0, 93.0, 
16388.0, 205072.0, 164096.0, 67371008.0, 1.032586, 5671946992.0, 580.0, 94.0, 
8196.0, 135712.0, 197120.0, 67371008.0, 0.8867659999999999, 5672924624.0, 874.0, 95.0, 
16388.0, 139328.0, 394240.0, 67239936.0, 0.779143, 5673825168.0, 970.0, 96.0, 
1908.0, 0.0, 263168.0, 67371008.0, 9.316525, 5674962384.0, 100.0, 97.0, 
2724.0, 0.0, 263168.0, 67371008.0, 5.644815, 5674965648.0, 238.0, 98.0, 
4356.0, 0.0, 263168.0, 67371008.0, 11.993943, 5674972176.0, 81.0, 99.0, 
7620.0, 0.0, 263168.0, 67371008.0, 10.868871, 5674985232.0, 91.0, 100.0, 
14148.0, 0.0, 263168.0, 67371008.0, 1.691026, 5675011344.0, 349.0, 101.0, 
27204.0, 0.0, 263168.0, 67371008.0, 1.134183, 5675063568.0, 487.0, 102.0, 
19524.0, 33792.0, 263168.0, 67371008.0, 0.899272, 5675505936.0, 805.0, 103.0, 
3444.0, 0.0, 558080.0, 67174400.0, 5.312564, 5676148176.0, 244.0, 104.0, 
5604.0, 0.0, 558080.0, 67174400.0, 5.360037999999999, 5676156816.0, 242.0, 105.0, 
9924.0, 0.0, 558080.0, 67174400.0, 1.3162530000000001, 5676174096.0, 382.0, 106.0, 
18564.0, 0.0, 558080.0, 67174400.0, 1.036267, 5676208656.0, 576.0, 107.0, 
4100.0, 101440.0, 263168.0, 67371008.0, 0.8941370000000001, 5676391312.0, 847.0, 108.0, 
17412.0, 18432.0, 558080.0, 67174400.0, 0.9169069999999999, 5676462096.0, 642.0, 109.0, 
1028.0, 69376.0, 558080.0, 67174400.0, 0.8833260000000001, 5677109776.0, 902.0, 110.0, 
8196.0, 201792.0, 263168.0, 67371008.0, 1.13526, 5677812624.0, 484.0, 111.0, 
2052.0, 137472.0, 558080.0, 67174400.0, 0.8788870000000001, 5678067216.0, 914.0, 112.0, 
8196.0, 135296.0, 493568.0, 67239936.0, 0.885977, 5679695632.0, 879.0, 113.0, 
3508.0, 0.0, 395264.0, 67371008.0, 14.837617000000002, 5682894544.0, 37.0, 114.0, 
4836.0, 0.0, 395264.0, 67371008.0, 6.468241, 5682899856.0, 183.0, 115.0, 
7492.0, 0.0, 395264.0, 67371008.0, 16.574806, 5682910480.0, 25.0, 116.0, 
12804.0, 0.0, 395264.0, 67371008.0, 6.947495, 5682931728.0, 169.0, 117.0, 
23428.0, 0.0, 395264.0, 67371008.0, 1.6997630000000001, 5682974224.0, 346.0, 118.0, 
18052.0, 26624.0, 395264.0, 67371008.0, 1.134897, 5683325456.0, 486.0, 119.0, 
4532.0, 0.0, 591872.0, 67239936.0, 11.349354, 5683685072.0, 87.0, 120.0, 
6756.0, 0.0, 591872.0, 67239936.0, 5.789376, 5683693968.0, 229.0, 121.0, 
11204.0, 0.0, 591872.0, 67239936.0, 1.321399, 5683711760.0, 378.0, 122.0, 
20100.0, 0.0, 591872.0, 67239936.0, 1.0166309999999998, 5683747344.0, 596.0, 123.0, 
16388.0, 73760.0, 394240.0, 67371008.0, 0.807126, 5683917264.0, 954.0, 124.0, 
17412.0, 20480.0, 591872.0, 67239936.0, 0.9166059999999999, 5684023312.0, 644.0, 125.0, 
2052.0, 85120.0, 395264.0, 67371008.0, 0.8985120000000001, 5684080400.0, 810.0, 126.0, 
1028.0, 72448.0, 591872.0, 67239936.0, 0.8854639999999999, 5684685328.0, 884.0, 127.0, 
4100.0, 168064.0, 395264.0, 67371008.0, 0.893854, 5685249808.0, 848.0, 128.0, 
2052.0, 142592.0, 591872.0, 67239936.0, 0.885703, 5685671440.0, 883.0, 129.0, 
4100.0, 133376.0, 698368.0, 67174400.0, 0.8772780000000001, 5686435344.0, 924.0, 130.0, 
16388.0, 139328.0, 526336.0, 67371008.0, 1.056359, 5692760976.0, 554.0, 131.0, 
16388.0, 0.0, 861312.0, 67174400.0, 0.75356, 5694393872.0, 984.0, 132.0, 
4100.0, 133376.0, 741376.0, 67239936.0, 0.886942, 5694520848.0, 872.0, 133.0, 
8196.0, 135296.0, 593920.0, 67371008.0, 1.136417, 5696726800.0, 481.0, 134.0, 
6708.0, 0.0, 659456.0, 67371008.0, 19.653988000000002, 5698758864.0, 2.0, 135.0, 
9060.0, 0.0, 659456.0, 67371008.0, 5.905988, 5698768272.0, 224.0, 136.0, 
13764.0, 0.0, 659456.0, 67371008.0, 11.676889, 5698787088.0, 84.0, 137.0, 
23172.0, 0.0, 659456.0, 67371008.0, 7.624406, 5698824720.0, 146.0, 138.0, 
1220.0, 0.0, 295424.0, 67633152.0, 2.384798, 5698915088.0, 281.0, 139.0, 
1908.0, 0.0, 295424.0, 67633152.0, 1.862742, 5698917840.0, 300.0, 140.0, 
3284.0, 0.0, 295424.0, 67633152.0, 3.632274, 5698923344.0, 261.0, 141.0, 
6036.0, 0.0, 295424.0, 67633152.0, 3.135195, 5698934352.0, 269.0, 142.0, 
11540.0, 0.0, 295424.0, 67633152.0, 1.672638, 5698956368.0, 359.0, 143.0, 
22548.0, 0.0, 295424.0, 67633152.0, 1.1197110000000001, 5699000400.0, 505.0, 144.0, 
17412.0, 24576.0, 659456.0, 67371008.0, 1.707108, 5699145744.0, 342.0, 145.0, 
7188.0, 37376.0, 295424.0, 67633152.0, 1.117233, 5699462224.0, 512.0, 146.0, 
1028.0, 78592.0, 659456.0, 67371008.0, 1.139364, 5699836432.0, 475.0, 147.0, 
14356.0, 74240.0, 295424.0, 67633152.0, 1.122941, 5700006992.0, 500.0, 148.0, 
2052.0, 152832.0, 659456.0, 67371008.0, 0.901675, 5700879888.0, 769.0, 149.0, 
1876.0, 0.0, 328704.0, 67633152.0, 5.037737, 5700914512.0, 251.0, 150.0, 
2692.0, 0.0, 328704.0, 67633152.0, 2.244838, 5700917776.0, 284.0, 151.0, 
4324.0, 0.0, 328704.0, 67633152.0, 1.1786020000000001, 5700924304.0, 405.0, 152.0, 
7588.0, 0.0, 328704.0, 67633152.0, 1.075883, 5700937360.0, 536.0, 153.0, 
14116.0, 0.0, 328704.0, 67633152.0, 0.9508620000000001, 5700963472.0, 625.0, 154.0, 
27172.0, 0.0, 328704.0, 67633152.0, 0.9047, 5701015696.0, 712.0, 155.0, 
28692.0, 147968.0, 295424.0, 67633152.0, 0.888706, 5701096528.0, 864.0, 156.0, 
11300.0, 41984.0, 328704.0, 67633152.0, 0.8955280000000001, 5701539984.0, 837.0, 157.0, 
22564.0, 82944.0, 328704.0, 67633152.0, 0.893748, 5702158480.0, 849.0, 158.0, 
8196.0, 201760.0, 328704.0, 67633152.0, 0.889718, 5703764432.0, 861.0, 159.0, 
16388.0, 0.0, 927872.0, 67239936.0, 0.778675, 5703892496.0, 971.0, 160.0, 
3188.0, 0.0, 395264.0, 67633152.0, 11.289785, 5704913360.0, 88.0, 161.0, 
4260.0, 0.0, 395264.0, 67633152.0, 5.727293, 5704917648.0, 231.0, 162.0, 
6404.0, 0.0, 395264.0, 67633152.0, 15.229167000000002, 5704926224.0, 35.0, 163.0, 
10692.0, 0.0, 395264.0, 67633152.0, 14.785503, 5704943376.0, 38.0, 164.0, 
19268.0, 0.0, 395264.0, 67633152.0, 1.7025569999999999, 5704977680.0, 345.0, 165.0, 
9796.0, 26624.0, 395264.0, 67633152.0, 1.133846, 5705312528.0, 489.0, 166.0, 
19524.0, 51200.0, 395264.0, 67633152.0, 0.9019790000000001, 5705695504.0, 764.0, 167.0, 
4100.0, 135232.0, 395264.0, 67633152.0, 0.895862, 5706810256.0, 832.0, 168.0, 
6772.0, 0.0, 1083392.0, 67174400.0, 6.158741, 5707680208.0, 201.0, 169.0, 
10980.0, 0.0, 1083392.0, 67174400.0, 5.820182, 5707697040.0, 226.0, 170.0, 
19396.0, 0.0, 1083392.0, 67174400.0, 1.319833, 5707730704.0, 380.0, 171.0, 
17284.0, 18944.0, 1083392.0, 67174400.0, 1.04262, 5707987472.0, 568.0, 172.0, 
516.0, 69376.0, 1083392.0, 67174400.0, 0.914775, 5708626448.0, 651.0, 173.0, 
8196.0, 0.0, 1104128.0, 67174400.0, 0.8718370000000001, 5708930064.0, 939.0, 174.0, 
1028.0, 136192.0, 1083392.0, 67174400.0, 0.885934, 5709563920.0, 880.0, 175.0, 
4100.0, 133376.0, 827392.0, 67371008.0, 0.895706, 5710691856.0, 833.0, 176.0, 
5812.0, 0.0, 528384.0, 67633152.0, 16.799442000000003, 5712911056.0, 23.0, 177.0, 
7396.0, 0.0, 528384.0, 67633152.0, 6.451973000000001, 5712917392.0, 185.0, 178.0, 
10564.0, 0.0, 528384.0, 67633152.0, 18.367926, 5712930064.0, 9.0, 179.0, 
16900.0, 0.0, 528384.0, 67633152.0, 6.982892, 5712955408.0, 167.0, 180.0, 
29572.0, 0.0, 528384.0, 67633152.0, 1.713057, 5713006096.0, 338.0, 181.0, 
18052.0, 36864.0, 528384.0, 67633152.0, 1.136108, 5713476112.0, 482.0, 182.0, 
2052.0, 103552.0, 528384.0, 67633152.0, 0.900877, 5714345744.0, 781.0, 183.0, 
8884.0, 0.0, 1118208.0, 67239936.0, 13.714305, 5715282640.0, 45.0, 184.0, 
13156.0, 0.0, 1118208.0, 67239936.0, 5.876154, 5715299728.0, 225.0, 185.0, 
21700.0, 0.0, 1118208.0, 67239936.0, 1.324537, 5715333904.0, 376.0, 186.0, 
17284.0, 21504.0, 1118208.0, 67239936.0, 1.020829, 5715617296.0, 591.0, 187.0, 
4100.0, 202880.0, 528384.0, 67633152.0, 0.8976770000000001, 5715744528.0, 819.0, 188.0, 
516.0, 72448.0, 1118208.0, 67239936.0, 0.9193389999999999, 5716263440.0, 634.0, 189.0, 
1028.0, 140288.0, 1118208.0, 67239936.0, 0.8859049999999999, 5717215248.0, 881.0, 190.0, 
16388.0, 40976.0, 590848.0, 67633152.0, 1.0358969999999998, 5717274864.0, 577.0, 191.0, 
8196.0, 0.0, 1155328.0, 67239936.0, 0.88871, 5717507088.0, 863.0, 192.0, 
2052.0, 132608.0, 1220608.0, 67174400.0, 0.8796370000000001, 5717750800.0, 911.0, 193.0, 
8196.0, 69696.0, 593920.0, 67633152.0, 1.1379, 5717828496.0, 478.0, 194.0, 
16388.0, 73760.0, 657408.0, 67633152.0, 0.753834, 5721727440.0, 983.0, 195.0, 
16388.0, 0.0, 1060992.0, 67371008.0, 1.056465, 5722889744.0, 553.0, 196.0, 
2052.0, 132608.0, 1261568.0, 67239936.0, 0.8880389999999999, 5725713424.0, 865.0, 197.0, 
11060.0, 0.0, 794624.0, 67633152.0, 16.075619, 5728906448.0, 32.0, 198.0, 
13668.0, 0.0, 794624.0, 67633152.0, 5.798425, 5728916880.0, 227.0, 199.0, 
18884.0, 0.0, 794624.0, 67633152.0, 12.010147, 5728937744.0, 80.0, 200.0, 
29316.0, 0.0, 794624.0, 67633152.0, 7.9467550000000005, 5728979472.0, 119.0, 201.0, 
17412.0, 32768.0, 794624.0, 67633152.0, 1.7414060000000002, 5729390608.0, 310.0, 202.0, 
1028.0, 90880.0, 794624.0, 67633152.0, 1.1441, 5730138640.0, 448.0, 203.0, 
13108.0, 0.0, 1187840.0, 67371008.0, 17.236387, 5730487504.0, 15.0, 204.0, 
17508.0, 0.0, 1187840.0, 67371008.0, 6.022106, 5730505104.0, 216.0, 205.0, 
26308.0, 0.0, 1187840.0, 67371008.0, 12.124319, 5730540304.0, 78.0, 206.0, 
16388.0, 139328.0, 790528.0, 67633152.0, 1.048171, 5730632592.0, 562.0, 207.0, 
8196.0, 135296.0, 794624.0, 67633152.0, 1.141933, 5730789136.0, 460.0, 208.0, 
17284.0, 26624.0, 1187840.0, 67371008.0, 7.556225, 5730876944.0, 151.0, 209.0, 
2052.0, 173312.0, 794624.0, 67633152.0, 0.902885, 5731296784.0, 744.0, 210.0, 
516.0, 78592.0, 1187840.0, 67371008.0, 1.6995040000000001, 5731537424.0, 347.0, 211.0, 
1028.0, 148480.0, 1187840.0, 67371008.0, 1.130369, 5732517904.0, 493.0, 212.0, 
8196.0, 0.0, 1257728.0, 67371008.0, 1.1366180000000001, 5734661136.0, 479.0, 213.0, 
4100.0, 0.0, 1620480.0, 67174400.0, 0.877617, 5739894800.0, 921.0, 214.0, 
2052.0, 132608.0, 1343488.0, 67371008.0, 0.9006219999999999, 5741638672.0, 785.0, 215.0, 
16388.0, 0.0, 1648896.0, 67174400.0, 0.7524890000000001, 5741648912.0, 985.0, 216.0, 
4100.0, 133376.0, 999424.0, 67633152.0, 0.8968299999999999, 5743033872.0, 827.0, 217.0, 
4100.0, 0.0, 1665536.0, 67239936.0, 0.88702, 5748103184.0, 871.0, 218.0, 
16388.0, 0.0, 1716480.0, 67239936.0, 0.75663, 5751208976.0, 982.0, 219.0, 
2244.0, 0.0, 558080.0, 68157440.0, 2.031253, 5758718736.0, 294.0, 220.0, 
3444.0, 0.0, 558080.0, 68157440.0, 1.804866, 5758723536.0, 304.0, 221.0, 
5844.0, 0.0, 558080.0, 68157440.0, 3.1692080000000002, 5758733136.0, 266.0, 222.0, 
10644.0, 0.0, 558080.0, 68157440.0, 3.1100659999999998, 5758752336.0, 272.0, 223.0, 
20244.0, 0.0, 558080.0, 68157440.0, 1.655215, 5758790736.0, 362.0, 224.0, 
3604.0, 35840.0, 558080.0, 68157440.0, 1.118562, 5759225936.0, 509.0, 225.0, 
7188.0, 70656.0, 558080.0, 68157440.0, 1.117583, 5759727696.0, 511.0, 226.0, 
14356.0, 140288.0, 558080.0, 68157440.0, 1.123405, 5760731216.0, 499.0, 227.0, 
3412.0, 0.0, 591872.0, 68157440.0, 3.5533550000000003, 5760750928.0, 262.0, 228.0, 
4740.0, 0.0, 591872.0, 68157440.0, 2.203147, 5760756240.0, 288.0, 229.0, 
7396.0, 0.0, 591872.0, 68157440.0, 1.178359, 5760766864.0, 406.0, 230.0, 
12708.0, 0.0, 591872.0, 68157440.0, 1.071294, 5760788112.0, 542.0, 231.0, 
23332.0, 0.0, 591872.0, 68157440.0, 0.946528, 5760830608.0, 626.0, 232.0, 
16388.0, 0.0, 1327232.0, 67633152.0, 1.0035020000000001, 5760884240.0, 606.0, 233.0, 
21556.0, 0.0, 1327104.0, 67633152.0, 17.876681, 5760897232.0, 13.0, 234.0, 
26212.0, 0.0, 1327104.0, 67633152.0, 5.976471, 5760915856.0, 220.0, 235.0, 
8900.0, 26624.0, 1327104.0, 67633152.0, 12.125705, 5761219344.0, 77.0, 236.0, 
5668.0, 38912.0, 591872.0, 68157440.0, 0.906755, 5761304720.0, 691.0, 237.0, 
17284.0, 36864.0, 1327104.0, 67633152.0, 8.35247, 5761396240.0, 108.0, 238.0, 
11300.0, 75776.0, 591872.0, 68157440.0, 0.901445, 5761843344.0, 771.0, 239.0, 
516.0, 90880.0, 1327104.0, 67633152.0, 1.7223560000000002, 5762085392.0, 331.0, 240.0, 
22564.0, 149504.0, 591872.0, 68157440.0, 0.898048, 5762920592.0, 815.0, 241.0, 
1028.0, 164864.0, 1327104.0, 67633152.0, 1.144534, 5763123216.0, 443.0, 242.0, 
4100.0, 0.0, 1755648.0, 67371008.0, 0.895091, 5764519952.0, 842.0, 243.0, 
5748.0, 0.0, 659456.0, 68157440.0, 10.244798, 5764815312.0, 96.0, 244.0, 
7332.0, 0.0, 659456.0, 68157440.0, 5.349673999999999, 5764821648.0, 243.0, 245.0, 
10500.0, 0.0, 659456.0, 68157440.0, 14.116722, 5764834320.0, 43.0, 246.0, 
16836.0, 0.0, 659456.0, 68157440.0, 15.743178, 5764859664.0, 33.0, 247.0, 
29508.0, 0.0, 659456.0, 68157440.0, 1.705891, 5764910352.0, 343.0, 248.0, 
9796.0, 45056.0, 659456.0, 68157440.0, 1.140215, 5765462288.0, 472.0, 249.0, 
19524.0, 86016.0, 659456.0, 68157440.0, 0.903164, 5766074640.0, 738.0, 250.0, 
4100.0, 202816.0, 659456.0, 68157440.0, 0.899382, 5767648144.0, 803.0, 251.0, 
8196.0, 0.0, 1462528.0, 67633152.0, 1.142192, 5768969232.0, 459.0, 252.0, 
16388.0, 0.0, 1851648.0, 67371008.0, 1.033204, 5770329104.0, 579.0, 253.0, 
13428.0, 0.0, 2134016.0, 67174400.0, 7.01907, 5770744272.0, 166.0, 254.0, 
21732.0, 0.0, 2134016.0, 67174400.0, 6.065899, 5770777488.0, 212.0, 255.0, 
17604.0, 20736.0, 2134016.0, 67174400.0, 1.321249, 5771051280.0, 379.0, 256.0, 
260.0, 71296.0, 2134016.0, 67174400.0, 1.0387549999999999, 5771689744.0, 572.0, 257.0, 
8196.0, 0.0, 2155008.0, 67174400.0, 0.8746139999999999, 5771982864.0, 931.0, 258.0, 
516.0, 137472.0, 2134016.0, 67174400.0, 0.913816, 5772617232.0, 658.0, 259.0, 
10420.0, 0.0, 794624.0, 68157440.0, 14.697065, 5772944080.0, 40.0, 260.0, 
12516.0, 0.0, 794624.0, 68157440.0, 5.797975, 5772952464.0, 228.0, 261.0, 
16708.0, 0.0, 794624.0, 68157440.0, 18.57289, 5772969232.0, 8.0, 262.0, 
25092.0, 0.0, 794624.0, 68157440.0, 7.093197999999999, 5773002768.0, 165.0, 263.0, 
9092.0, 32768.0, 794624.0, 68157440.0, 1.70803, 5773397520.0, 341.0, 264.0, 
2052.0, 132608.0, 1507328.0, 67633152.0, 0.903695, 5773489168.0, 731.0, 265.0, 
18052.0, 57344.0, 794624.0, 68157440.0, 1.1434950000000002, 5773777424.0, 452.0, 266.0, 
2052.0, 140416.0, 794624.0, 68157440.0, 0.904067, 5774876432.0, 723.0, 267.0, 
28692.0, 0.0, 837632.0, 68157440.0, 0.890183, 5775597648.0, 859.0, 268.0, 
17588.0, 0.0, 2170880.0, 67239936.0, 16.121129, 5778477776.0, 31.0, 269.0, 
25956.0, 0.0, 2170880.0, 67239936.0, 6.041732, 5778511248.0, 214.0, 270.0, 
17604.0, 25088.0, 2170880.0, 67239936.0, 1.324165, 5778829072.0, 377.0, 271.0, 
8196.0, 36896.0, 888832.0, 68157440.0, 0.893149, 5779104208.0, 851.0, 272.0, 
260.0, 75904.0, 2170880.0, 67239936.0, 1.023655, 5779471120.0, 588.0, 273.0, 
516.0, 142592.0, 2170880.0, 67239936.0, 0.9157959999999999, 5780405776.0, 647.0, 274.0, 
8196.0, 0.0, 2208256.0, 67239936.0, 0.887106, 5780682768.0, 869.0, 275.0, 
1028.0, 132608.0, 2271232.0, 67174400.0, 0.8845049999999999, 5780784144.0, 898.0, 276.0, 
8196.0, 69696.0, 991232.0, 68157440.0, 1.141118, 5785707408.0, 464.0, 277.0, 
4100.0, 67712.0, 999424.0, 68157440.0, 0.9006379999999999, 5786154768.0, 784.0, 278.0, 
1028.0, 132608.0, 2314240.0, 67239936.0, 0.886908, 5788869648.0, 873.0, 279.0, 
19764.0, 0.0, 1064960.0, 68157440.0, 17.197786999999998, 5789201616.0, 18.0, 280.0, 
22884.0, 0.0, 1064960.0, 68157440.0, 5.701379, 5789214096.0, 234.0, 281.0, 
29124.0, 0.0, 1064960.0, 68157440.0, 11.499034, 5789239056.0, 85.0, 282.0, 
8836.0, 32768.0, 1064960.0, 68157440.0, 7.7032929999999995, 5789616656.0, 135.0, 283.0, 
17412.0, 49152.0, 1064960.0, 68157440.0, 1.7238919999999998, 5789880336.0, 328.0, 284.0, 
1028.0, 115456.0, 1064960.0, 68157440.0, 1.140556, 5790743056.0, 467.0, 285.0, 
2052.0, 214272.0, 1064960.0, 68157440.0, 0.903855, 5792130576.0, 729.0, 286.0, 
16388.0, 40976.0, 1116160.0, 68157440.0, 1.0244799999999998, 5792833776.0, 587.0, 287.0, 
25908.0, 0.0, 2244608.0, 67371008.0, 18.991086, 5793944784.0, 3.0, 288.0, 
9316.0, 25088.0, 2244608.0, 67371008.0, 6.148982, 5794229648.0, 203.0, 289.0, 
17604.0, 33792.0, 2244608.0, 67371008.0, 12.603603, 5794384656.0, 70.0, 290.0, 
260.0, 85120.0, 2244608.0, 67371008.0, 7.664092999999999, 5795033872.0, 140.0, 291.0, 
516.0, 152832.0, 2244608.0, 67371008.0, 1.7028290000000001, 5795982864.0, 344.0, 292.0, 
16388.0, 73760.0, 1183744.0, 68157440.0, 0.778615, 5797347792.0, 972.0, 293.0, 
4100.0, 0.0, 1935872.0, 67633152.0, 0.8985879999999999, 5797353488.0, 808.0, 294.0, 
8196.0, 0.0, 2314752.0, 67371008.0, 1.137915, 5798082576.0, 477.0, 295.0, 
8196.0, 135296.0, 1196032.0, 68157440.0, 1.145298, 5798913808.0, 434.0, 296.0, 
2052.0, 0.0, 2668544.0, 67174400.0, 0.880085, 5802770448.0, 910.0, 297.0, 
1028.0, 132608.0, 2400256.0, 67371008.0, 1.1364370000000001, 5805040656.0, 480.0, 298.0, 
16388.0, 139328.0, 1318912.0, 68157440.0, 1.065832, 5806375824.0, 547.0, 299.0, 
4100.0, 133376.0, 1343488.0, 68157440.0, 0.9028290000000001, 5807717904.0, 748.0, 300.0, 
16388.0, 0.0, 2121984.0, 67633152.0, 1.063237, 5808569360.0, 549.0, 301.0, 
2052.0, 0.0, 2713600.0, 67239936.0, 0.885709, 5810978832.0, 882.0, 302.0, 
2612.0, 35840.0, 1605632.0, 68157440.0, 16.323164000000002, 5822075088.0, 29.0, 303.0, 
4708.0, 38912.0, 1605632.0, 68157440.0, 6.016093, 5822126480.0, 218.0, 304.0, 
8900.0, 45056.0, 1605632.0, 68157440.0, 12.811247999999999, 5822229264.0, 65.0, 305.0, 
17284.0, 57344.0, 1605632.0, 68157440.0, 8.355594, 5822434832.0, 107.0, 306.0, 
516.0, 115456.0, 1605632.0, 68157440.0, 1.742359, 5823181328.0, 309.0, 307.0, 
1028.0, 197632.0, 1605632.0, 68157440.0, 1.140414, 5824333840.0, 468.0, 308.0, 
5172.0, 37376.0, 2392064.0, 67633152.0, 20.447016, 5825252560.0, 1.0, 309.0, 
9316.0, 41984.0, 2392064.0, 67633152.0, 6.093516, 5825333648.0, 208.0, 310.0, 
17604.0, 51200.0, 2392064.0, 67633152.0, 12.45075, 5825495824.0, 75.0, 311.0, 
260.0, 103552.0, 2392064.0, 67633152.0, 7.93275, 5826159376.0, 120.0, 312.0, 
516.0, 173312.0, 2392064.0, 67633152.0, 1.7213479999999999, 5827137040.0, 332.0, 313.0, 
2052.0, 0.0, 2803712.0, 67371008.0, 0.897905, 5827395600.0, 817.0, 314.0, 
8196.0, 0.0, 2527744.0, 67633152.0, 1.140344, 5832882192.0, 469.0, 315.0, 
4100.0, 0.0, 3197952.0, 67174400.0, 0.878333, 5834543120.0, 915.0, 316.0, 
16388.0, 0.0, 3224064.0, 67174400.0, 0.740102, 5836158992.0, 990.0, 317.0, 
16388.0, 0.0, 1859712.0, 68157440.0, 1.027859, 5836873232.0, 584.0, 318.0, 
2052.0, 132608.0, 1835008.0, 68157440.0, 0.906991, 5837190160.0, 687.0, 319.0, 
1028.0, 132608.0, 2572288.0, 67633152.0, 1.1407180000000001, 5837382672.0, 466.0, 320.0, 
8196.0, 0.0, 1872128.0, 68157440.0, 1.145527, 5837585424.0, 430.0, 321.0, 
4100.0, 0.0, 3247104.0, 67239936.0, 0.883761, 5842997264.0, 899.0, 322.0, 
16388.0, 0.0, 3293696.0, 67239936.0, 0.784259, 5845841936.0, 969.0, 323.0, 
4100.0, 0.0, 3345408.0, 67371008.0, 0.8948219999999999, 5859905552.0, 844.0, 324.0, 
2052.0, 0.0, 2983936.0, 67633152.0, 0.903567, 5860229136.0, 733.0, 325.0, 
4100.0, 0.0, 2296320.0, 68157440.0, 0.9032610000000001, 5863020560.0, 735.0, 326.0, 
16388.0, 0.0, 3432960.0, 67371008.0, 1.012597, 5865207824.0, 598.0, 327.0, 
4292.0, 0.0, 1083392.0, 69206016.0, 1.8656, 5878326032.0, 298.0, 328.0, 
6516.0, 0.0, 1083392.0, 69206016.0, 1.793225, 5878334928.0, 307.0, 329.0, 
10964.0, 0.0, 1083392.0, 69206016.0, 3.067838, 5878352720.0, 274.0, 330.0, 
19860.0, 0.0, 1083392.0, 69206016.0, 3.118985, 5878388304.0, 271.0, 331.0, 
1812.0, 35840.0, 1083392.0, 69206016.0, 1.689741, 5878817872.0, 352.0, 332.0, 
3604.0, 69632.0, 1083392.0, 69206016.0, 1.122555, 5879298128.0, 501.0, 333.0, 
7188.0, 137216.0, 1083392.0, 69206016.0, 1.119256, 5880258640.0, 508.0, 334.0, 
6484.0, 0.0, 1118208.0, 69206016.0, 2.939767, 5880423760.0, 277.0, 335.0, 
8836.0, 0.0, 1118208.0, 69206016.0, 2.152804, 5880433168.0, 291.0, 336.0, 
13540.0, 0.0, 1118208.0, 69206016.0, 1.178768, 5880451984.0, 404.0, 337.0, 
22948.0, 0.0, 1118208.0, 69206016.0, 1.075181, 5880489616.0, 537.0, 338.0, 
2852.0, 38912.0, 1118208.0, 69206016.0, 0.9524090000000001, 5880954000.0, 624.0, 339.0, 
5668.0, 73728.0, 1118208.0, 69206016.0, 0.907588, 5881452688.0, 677.0, 340.0, 
11300.0, 143360.0, 1118208.0, 69206016.0, 0.901077, 5882450064.0, 777.0, 341.0, 
10868.0, 0.0, 1187840.0, 69206016.0, 9.95801, 5884619216.0, 98.0, 342.0, 
13476.0, 0.0, 1187840.0, 69206016.0, 5.18204, 5884629648.0, 248.0, 343.0, 
18692.0, 0.0, 1187840.0, 69206016.0, 12.535136999999999, 5884650512.0, 74.0, 344.0, 
29124.0, 0.0, 1187840.0, 69206016.0, 16.444237, 5884692240.0, 27.0, 345.0, 
16388.0, 0.0, 2662656.0, 68157440.0, 1.015771, 5885049872.0, 597.0, 346.0, 
4932.0, 45056.0, 1187840.0, 69206016.0, 1.719069, 5885226256.0, 337.0, 347.0, 
9796.0, 81920.0, 1187840.0, 69206016.0, 1.144539, 5885761808.0, 442.0, 348.0, 
19524.0, 155648.0, 1187840.0, 69206016.0, 0.904164, 5886832912.0, 719.0, 349.0, 
5172.0, 70656.0, 2686976.0, 68157440.0, 18.013723000000002, 5887453392.0, 12.0, 350.0, 
9316.0, 75776.0, 2686976.0, 68157440.0, 6.132109, 5887541648.0, 204.0, 351.0, 
17604.0, 86016.0, 2686976.0, 68157440.0, 13.045293, 5887718160.0, 57.0, 352.0, 
260.0, 140416.0, 2686976.0, 68157440.0, 8.036805000000001, 5888410384.0, 112.0, 353.0, 
516.0, 214272.0, 2686976.0, 68157440.0, 1.725542, 5889445392.0, 325.0, 354.0, 
19636.0, 0.0, 1327104.0, 69206016.0, 13.224896, 5893010128.0, 52.0, 355.0, 
22756.0, 0.0, 1327104.0, 69206016.0, 5.680766, 5893022608.0, 237.0, 356.0, 
28996.0, 0.0, 1327104.0, 69206016.0, 18.274866, 5893047568.0, 10.0, 357.0, 
4612.0, 36864.0, 1327104.0, 69206016.0, 7.490353999999999, 5893466128.0, 155.0, 358.0, 
4100.0, 0.0, 3542016.0, 67633152.0, 0.898502, 5893722128.0, 811.0, 359.0, 
9092.0, 57344.0, 1327104.0, 69206016.0, 1.734334, 5893770768.0, 315.0, 360.0, 
18052.0, 98304.0, 1327104.0, 69206016.0, 1.1453440000000001, 5894380048.0, 433.0, 361.0, 
14356.0, 0.0, 1355776.0, 69206016.0, 1.12555, 5894709328.0, 498.0, 362.0, 
2052.0, 214144.0, 1327104.0, 69206016.0, 0.906913, 5895937808.0, 689.0, 363.0, 
26740.0, 0.0, 4235264.0, 67174400.0, 7.651623, 5896872400.0, 142.0, 364.0, 
18532.0, 24704.0, 4235264.0, 67174400.0, 5.9374150000000006, 5897185424.0, 221.0, 365.0, 
22564.0, 0.0, 1400832.0, 69206016.0, 0.897517, 5897445520.0, 821.0, 366.0, 
132.0, 76096.0, 4235264.0, 67174400.0, 1.315616, 5897831312.0, 384.0, 367.0, 
8196.0, 0.0, 4256768.0, 67174400.0, 0.8760459999999999, 5898088464.0, 927.0, 368.0, 
260.0, 141952.0, 4235264.0, 67174400.0, 1.039919, 5898753808.0, 570.0, 369.0, 
1028.0, 132608.0, 2916352.0, 68157440.0, 1.1431209999999998, 5902066704.0, 454.0, 370.0, 
8196.0, 0.0, 2953728.0, 68157440.0, 1.144771, 5902481424.0, 440.0, 371.0, 
4100.0, 34880.0, 1490944.0, 69206016.0, 0.901769, 5903266704.0, 767.0, 372.0, 
16388.0, 0.0, 3711488.0, 67633152.0, 1.0259850000000001, 5903939600.0, 585.0, 373.0, 
10292.0, 24704.0, 4276224.0, 67239936.0, 7.659381, 5905115088.0, 141.0, 374.0, 
18532.0, 33024.0, 4276224.0, 67239936.0, 6.027908, 5905264528.0, 215.0, 375.0, 
132.0, 84544.0, 4276224.0, 67239936.0, 1.3281180000000001, 5905912208.0, 375.0, 376.0, 
260.0, 150656.0, 4276224.0, 67239936.0, 1.025306, 5906838288.0, 586.0, 377.0, 
8196.0, 0.0, 4314112.0, 67239936.0, 0.885216, 5907034128.0, 887.0, 378.0, 
516.0, 133376.0, 4375552.0, 67174400.0, 0.9179229999999999, 5907052048.0, 636.0, 379.0, 
1332.0, 35840.0, 1605632.0, 69206016.0, 15.625820000000001, 5910150352.0, 34.0, 380.0, 
2404.0, 38912.0, 1605632.0, 69206016.0, 5.719772, 5910197648.0, 232.0, 381.0, 
4548.0, 45056.0, 1605632.0, 69206016.0, 11.932711, 5910292240.0, 82.0, 382.0, 
8836.0, 57344.0, 1605632.0, 69206016.0, 8.037861, 5910481424.0, 111.0, 383.0, 
17412.0, 81920.0, 1605632.0, 69206016.0, 1.732723, 5910859792.0, 316.0, 384.0, 
28692.0, 0.0, 1626112.0, 69206016.0, 0.8908520000000001, 5910986832.0, 858.0, 385.0, 
1028.0, 164608.0, 1605632.0, 69206016.0, 1.1429129999999998, 5911951888.0, 456.0, 386.0, 
4100.0, 67712.0, 1671168.0, 69206016.0, 0.899882, 5914539792.0, 790.0, 387.0, 
8196.0, 36896.0, 1679360.0, 69206016.0, 0.895166, 5914616272.0, 841.0, 388.0, 
516.0, 133376.0, 4425728.0, 67239936.0, 0.918464, 5915567632.0, 635.0, 389.0, 
10292.0, 41216.0, 4358144.0, 67371008.0, 7.701956, 5921271504.0, 136.0, 390.0, 
18532.0, 49664.0, 4358144.0, 67371008.0, 6.3670480000000005, 5921422736.0, 190.0, 391.0, 
8196.0, 69696.0, 1785856.0, 69206016.0, 1.14434, 5921465232.0, 446.0, 392.0, 
132.0, 101440.0, 4358144.0, 67371008.0, 1.242876, 5922074000.0, 393.0, 393.0, 
260.0, 168064.0, 4358144.0, 67371008.0, 1.100457, 5923007248.0, 527.0, 394.0, 
2052.0, 66816.0, 1835008.0, 69206016.0, 0.9070959999999999, 5924349456.0, 685.0, 395.0, 
8196.0, 0.0, 4428800.0, 67371008.0, 1.140101, 5924925456.0, 473.0, 396.0, 
2052.0, 0.0, 3344384.0, 68157440.0, 0.9040299999999999, 5925896208.0, 725.0, 397.0, 
1028.0, 0.0, 4772352.0, 67174400.0, 0.8846, 5928994832.0, 893.0, 398.0, 
516.0, 133376.0, 4526080.0, 67371008.0, 0.957533, 5932598800.0, 621.0, 399.0, 
8196.0, 135296.0, 1998848.0, 69206016.0, 1.145191, 5935163152.0, 437.0, 400.0, 
4100.0, 133376.0, 2031616.0, 69206016.0, 0.901385, 5937085968.0, 774.0, 401.0, 
1028.0, 0.0, 4823552.0, 67239936.0, 0.886592, 5937571856.0, 875.0, 402.0, 
16388.0, 40976.0, 2166784.0, 69206016.0, 1.029619, 5943951600.0, 582.0, 403.0, 
2612.0, 69632.0, 2162688.0, 69206016.0, 14.73804, 5944051920.0, 39.0, 404.0, 
4708.0, 73728.0, 2162688.0, 69206016.0, 5.914537999999999, 5944117648.0, 223.0, 405.0, 
8900.0, 81920.0, 2162688.0, 69206016.0, 13.124143, 5944249104.0, 55.0, 406.0, 
17284.0, 98304.0, 2162688.0, 69206016.0, 8.435361, 5944512016.0, 103.0, 407.0, 
516.0, 164608.0, 2162688.0, 69206016.0, 1.7386439999999999, 5945373200.0, 313.0, 408.0, 
16388.0, 73760.0, 2236416.0, 69206016.0, 0.838102, 5948588496.0, 948.0, 409.0, 
10292.0, 74240.0, 4521984.0, 67633152.0, 7.760675999999999, 5953584336.0, 130.0, 410.0, 
18532.0, 82944.0, 4521984.0, 67633152.0, 6.296353, 5953739152.0, 195.0, 411.0, 
132.0, 135232.0, 4521984.0, 67633152.0, 1.246952, 5954397584.0, 389.0, 412.0, 
1028.0, 0.0, 4925952.0, 67371008.0, 0.910956, 5954725904.0, 663.0, 413.0, 
260.0, 202880.0, 4521984.0, 67633152.0, 1.1029360000000001, 5955345168.0, 525.0, 414.0, 
1028.0, 66560.0, 2359296.0, 69206016.0, 1.1447100000000001, 5955799056.0, 441.0, 415.0, 
16388.0, 139328.0, 2375680.0, 69206016.0, 1.0603790000000002, 5957862288.0, 551.0, 416.0, 
2052.0, 0.0, 5299200.0, 67174400.0, 0.8780020000000001, 5960609808.0, 920.0, 417.0, 
8196.0, 0.0, 4658176.0, 67633152.0, 1.143082, 5960708112.0, 455.0, 418.0, 
4100.0, 0.0, 3935232.0, 68157440.0, 0.899748, 5961355280.0, 796.0, 419.0, 
2052.0, 132608.0, 2490368.0, 69206016.0, 0.907084, 5964592144.0, 686.0, 420.0, 
516.0, 133376.0, 4726784.0, 67633152.0, 0.963147, 5966661136.0, 616.0, 421.0, 
2052.0, 0.0, 5352448.0, 67239936.0, 0.8875639999999999, 5969309712.0, 868.0, 422.0, 
8196.0, 0.0, 2691328.0, 69206016.0, 1.1485530000000002, 5974817808.0, 414.0, 423.0, 
16388.0, 0.0, 4268544.0, 68157440.0, 1.012443, 5981403152.0, 599.0, 424.0, 
2052.0, 0.0, 5458944.0, 67371008.0, 0.9018809999999999, 5986709520.0, 766.0, 425.0, 
16388.0, 0.0, 2924672.0, 69206016.0, 1.035193, 5988851216.0, 578.0, 426.0, 
1028.0, 0.0, 5130752.0, 67633152.0, 0.914228, 5989034000.0, 656.0, 427.0, 
4100.0, 0.0, 3017216.0, 69206016.0, 0.904876, 5994354704.0, 711.0, 428.0, 
5172.0, 137216.0, 3276800.0, 69206016.0, 16.884125, 6011855056.0, 22.0, 429.0, 
9316.0, 143360.0, 3276800.0, 69206016.0, 6.200375, 6011957648.0, 200.0, 430.0, 
17604.0, 155648.0, 3276800.0, 69206016.0, 12.545416000000001, 6012162832.0, 73.0, 431.0, 
260.0, 214144.0, 3276800.0, 69206016.0, 8.027541000000001, 6012912400.0, 114.0, 432.0, 
10292.0, 140288.0, 4849664.0, 68157440.0, 7.625928999999999, 6018210000.0, 145.0, 433.0, 
18532.0, 149504.0, 4849664.0, 68157440.0, 6.29108, 6018371984.0, 196.0, 434.0, 
132.0, 202816.0, 4849664.0, 68157440.0, 1.2454889999999998, 6019044752.0, 392.0, 435.0, 
2052.0, 0.0, 5671936.0, 67633152.0, 0.9050299999999999, 6021509136.0, 708.0, 436.0, 
4100.0, 0.0, 6352896.0, 67174400.0, 0.878122, 6023839760.0, 918.0, 437.0, 
516.0, 66816.0, 3506176.0, 69206016.0, 1.752127, 6024613392.0, 308.0, 438.0, 
16388.0, 0.0, 6374400.0, 67174400.0, 0.684511, 6025179152.0, 997.0, 439.0, 
260.0, 67712.0, 5054464.0, 68157440.0, 1.100243, 6029441808.0, 528.0, 440.0, 
1028.0, 132608.0, 3604480.0, 69206016.0, 1.146017, 6031434768.0, 426.0, 441.0, 
8196.0, 0.0, 5116928.0, 68157440.0, 1.145265, 6032273424.0, 436.0, 442.0, 
4100.0, 0.0, 6410240.0, 67239936.0, 0.8845709999999999, 6032785424.0, 895.0, 443.0, 
516.0, 133376.0, 5128192.0, 68157440.0, 0.957619, 6034785808.0, 620.0, 444.0, 
16388.0, 0.0, 6448128.0, 67239936.0, 0.802489, 6035107856.0, 958.0, 445.0, 
16388.0, 0.0, 3744000.0, 69206016.0, 1.042425, 6038010896.0, 569.0, 446.0, 
8196.0, 0.0, 3805696.0, 69206016.0, 1.1479139999999999, 6041679888.0, 417.0, 447.0, 
4100.0, 0.0, 6524928.0, 67371008.0, 0.895624, 6050676752.0, 835.0, 448.0, 
16388.0, 0.0, 6595584.0, 67371008.0, 0.798941, 6054965264.0, 961.0, 449.0, 
2052.0, 0.0, 4065280.0, 69206016.0, 0.9051870000000001, 6057230352.0, 707.0, 450.0, 
1028.0, 0.0, 5540352.0, 68157440.0, 0.914666, 6057650192.0, 654.0, 451.0, 
4100.0, 0.0, 6754304.0, 67633152.0, 0.899602, 6086459408.0, 798.0, 452.0, 
2052.0, 0.0, 6097920.0, 68157440.0, 0.905932, 6091108368.0, 700.0, 453.0, 
16388.0, 0.0, 6890496.0, 67633152.0, 0.7723439999999999, 6094680080.0, 976.0, 454.0, 
4100.0, 0.0, 4721664.0, 69206016.0, 0.9022700000000001, 6096621584.0, 761.0, 455.0, 
8388.0, 0.0, 2134016.0, 71303168.0, 1.881752, 6117540624.0, 296.0, 456.0, 
12660.0, 0.0, 2134016.0, 71303168.0, 1.801091, 6117557712.0, 305.0, 457.0, 
21204.0, 0.0, 2134016.0, 71303168.0, 3.127239, 6117591888.0, 270.0, 458.0, 
916.0, 37376.0, 2134016.0, 71303168.0, 3.1549099999999997, 6118034000.0, 267.0, 459.0, 
1812.0, 70656.0, 2134016.0, 71303168.0, 1.6750349999999998, 6118503504.0, 357.0, 460.0, 
3604.0, 137216.0, 2134016.0, 71303168.0, 1.119702, 6119442512.0, 506.0, 461.0, 
12628.0, 0.0, 2170880.0, 71303168.0, 2.917007, 6119769424.0, 278.0, 462.0, 
17028.0, 0.0, 2170880.0, 71303168.0, 2.142146, 6119787024.0, 292.0, 463.0, 
25828.0, 0.0, 2170880.0, 71303168.0, 1.1818790000000001, 6119822224.0, 402.0, 464.0, 
1444.0, 41984.0, 2170880.0, 71303168.0, 1.073749, 6120312464.0, 539.0, 465.0, 
2852.0, 75776.0, 2170880.0, 71303168.0, 0.954008, 6120791184.0, 623.0, 466.0, 
5668.0, 143360.0, 2170880.0, 71303168.0, 0.9117219999999999, 6121748624.0, 661.0, 467.0, 
21108.0, 0.0, 2244608.0, 71303168.0, 10.126648, 6124227024.0, 97.0, 468.0, 
25764.0, 0.0, 2244608.0, 71303168.0, 5.190030999999999, 6124245648.0, 247.0, 469.0, 
1284.0, 33792.0, 2244608.0, 71303168.0, 12.841199000000001, 6124620816.0, 64.0, 470.0, 
2500.0, 51200.0, 2244608.0, 71303168.0, 17.207936, 6124869392.0, 17.0, 471.0, 
4932.0, 86016.0, 2244608.0, 71303168.0, 1.729141, 6125366544.0, 319.0, 472.0, 
9796.0, 155648.0, 2244608.0, 71303168.0, 1.140261, 6126360848.0, 471.0, 473.0, 
692.0, 37376.0, 2392064.0, 71303168.0, 13.556029999999998, 6133515984.0, 46.0, 474.0, 
1252.0, 41984.0, 2392064.0, 71303168.0, 5.684982, 6133582736.0, 236.0, 475.0, 
2372.0, 51200.0, 2392064.0, 71303168.0, 18.602575, 6133716240.0, 6.0, 476.0, 
7188.0, 0.0, 2404352.0, 71303168.0, 1.121098, 6133755984.0, 502.0, 477.0, 
4612.0, 69632.0, 2392064.0, 71303168.0, 7.209263000000001, 6133983248.0, 163.0, 478.0, 
9092.0, 106496.0, 2392064.0, 71303168.0, 1.719725, 6134517264.0, 336.0, 479.0, 
18052.0, 180224.0, 2392064.0, 71303168.0, 1.142207, 6135585296.0, 458.0, 480.0, 
16388.0, 0.0, 5382656.0, 69206016.0, 1.044441, 6136330256.0, 566.0, 481.0, 
11300.0, 0.0, 2449408.0, 71303168.0, 0.899591, 6136475792.0, 799.0, 482.0, 
19524.0, 0.0, 2539520.0, 71303168.0, 0.902866, 6141915408.0, 747.0, 483.0, 
20532.0, 32832.0, 8437760.0, 67174400.0, 7.550964, 6149456976.0, 153.0, 484.0, 
14356.0, 0.0, 2670592.0, 71303168.0, 1.127833, 6149759056.0, 495.0, 485.0, 
68.0, 86176.0, 8437760.0, 67174400.0, 6.106991000000001, 6150121936.0, 206.0, 486.0, 
8196.0, 0.0, 8460288.0, 67174400.0, 0.873057, 6150299664.0, 934.0, 487.0, 
132.0, 151872.0, 8437760.0, 67174400.0, 1.226016, 6151041936.0, 397.0, 488.0, 
1332.0, 70656.0, 2686976.0, 71303168.0, 16.90285, 6151679184.0, 21.0, 489.0, 
2404.0, 75776.0, 2686976.0, 71303168.0, 5.718914, 6151755152.0, 233.0, 490.0, 
4548.0, 86016.0, 2686976.0, 71303168.0, 11.906336999999999, 6151907088.0, 83.0, 491.0, 
8836.0, 106496.0, 2686976.0, 71303168.0, 8.034550999999999, 6152210960.0, 113.0, 492.0, 
22564.0, 0.0, 2719744.0, 71303168.0, 0.89776, 6152741008.0, 818.0, 493.0, 
17412.0, 147456.0, 2686976.0, 71303168.0, 1.72737, 6152818704.0, 323.0, 494.0, 
2052.0, 33920.0, 2719744.0, 71303168.0, 0.9041520000000001, 6153133840.0, 720.0, 495.0, 
4100.0, 0.0, 7213056.0, 68157440.0, 0.903692, 6158024720.0, 732.0, 496.0, 
20532.0, 49280.0, 8486912.0, 67239936.0, 7.636672, 6158141392.0, 144.0, 497.0, 
68.0, 102688.0, 8486912.0, 67239936.0, 6.457987999999999, 6158807248.0, 184.0, 498.0, 
4100.0, 34880.0, 2818048.0, 71303168.0, 0.902626, 6159053712.0, 752.0, 499.0, 
260.0, 135296.0, 8585728.0, 67174400.0, 1.0214379999999998, 6159688464.0, 590.0, 500.0, 
132.0, 168512.0, 8486912.0, 67239936.0, 1.337615, 6159729040.0, 373.0, 501.0, 
8196.0, 0.0, 8525824.0, 67239936.0, 0.885351, 6159736848.0, 886.0, 502.0, 
10292.0, 0.0, 5777408.0, 69206016.0, 7.709861999999999, 6159990992.0, 134.0, 503.0, 
18532.0, 0.0, 5787648.0, 69206016.0, 6.275296, 6160638352.0, 197.0, 504.0, 
132.0, 34880.0, 5808128.0, 69206016.0, 1.246768, 6162281872.0, 390.0, 505.0, 
1028.0, 33536.0, 2916352.0, 71303168.0, 1.145385, 6164920848.0, 431.0, 506.0, 
260.0, 67712.0, 5849088.0, 69206016.0, 1.098437, 6165199632.0, 532.0, 507.0, 
260.0, 135296.0, 8651776.0, 67239936.0, 1.018844, 6169156368.0, 594.0, 508.0, 
516.0, 133376.0, 5931008.0, 69206016.0, 0.964706, 6171035152.0, 613.0, 509.0, 
4100.0, 67712.0, 3014656.0, 71303168.0, 0.9014059999999999, 6171309840.0, 773.0, 510.0, 
16388.0, 0.0, 7480320.0, 68157440.0, 0.741324, 6174109712.0, 989.0, 511.0, 
2052.0, 66816.0, 3080192.0, 71303168.0, 0.907575, 6175221264.0, 678.0, 512.0, 
8196.0, 0.0, 6034432.0, 69206016.0, 1.147802, 6175404048.0, 419.0, 513.0, 
20532.0, 82176.0, 8585216.0, 67371008.0, 7.638875, 6175510224.0, 143.0, 514.0, 
68.0, 135712.0, 8585216.0, 67371008.0, 6.272287, 6176177872.0, 199.0, 515.0, 
132.0, 201792.0, 8585216.0, 67371008.0, 12.330591, 6177103248.0, 76.0, 516.0, 
8196.0, 0.0, 8656896.0, 67371008.0, 0.8919469999999999, 6178611216.0, 857.0, 517.0, 
516.0, 0.0, 8983808.0, 67174400.0, 0.903178, 6181680144.0, 737.0, 518.0, 
28692.0, 0.0, 3203072.0, 71303168.0, 0.8925709999999999, 6181765200.0, 854.0, 519.0, 
8196.0, 36896.0, 3260416.0, 71303168.0, 0.8983, 6185640400.0, 813.0, 520.0, 
2612.0, 137216.0, 3276800.0, 71303168.0, 15.100342000000001, 6188005584.0, 36.0, 521.0, 
260.0, 135296.0, 8783872.0, 67371008.0, 7.841062, 6188092176.0, 125.0, 522.0, 
4708.0, 143360.0, 3276800.0, 71303168.0, 6.085771, 6188099984.0, 211.0, 523.0, 
8900.0, 155648.0, 3276800.0, 71303168.0, 13.023568, 6188288784.0, 58.0, 524.0, 
17284.0, 180224.0, 3276800.0, 71303168.0, 7.744966000000001, 6188666384.0, 131.0, 525.0, 
516.0, 0.0, 9050368.0, 67239936.0, 0.9172469999999999, 6191178768.0, 640.0, 526.0, 
8196.0, 69696.0, 3375104.0, 71303168.0, 1.142585, 6192980880.0, 457.0, 527.0, 
1028.0, 0.0, 6359552.0, 69206016.0, 0.9149309999999999, 6194882576.0, 649.0, 528.0, 
4100.0, 133376.0, 3407872.0, 71303168.0, 0.904985, 6195822096.0, 710.0, 529.0, 
516.0, 33536.0, 3506176.0, 71303168.0, 1.7402900000000001, 6200308240.0, 312.0, 530.0, 
1028.0, 66560.0, 3604480.0, 71303168.0, 1.1436030000000001, 6206670864.0, 450.0, 531.0, 
8196.0, 135296.0, 3604480.0, 71303168.0, 1.146499, 6207661840.0, 424.0, 532.0, 
516.0, 0.0, 9183488.0, 67371008.0, 1.720666, 6210176016.0, 335.0, 533.0, 
20532.0, 147968.0, 8781824.0, 67633152.0, 7.463852, 6210247888.0, 157.0, 534.0, 
68.0, 201760.0, 8781824.0, 67633152.0, 6.666931, 6210919120.0, 173.0, 535.0, 
1028.0, 0.0, 9509376.0, 67174400.0, 0.8809299999999999, 6213216272.0, 907.0, 536.0, 
8196.0, 0.0, 8919040.0, 67633152.0, 0.89702, 6216359952.0, 825.0, 537.0, 
2052.0, 132608.0, 3801088.0, 71303168.0, 0.9061620000000001, 6219396112.0, 697.0, 538.0, 
132.0, 69696.0, 8980480.0, 67633152.0, 12.87325, 6220989840.0, 62.0, 539.0, 
1028.0, 0.0, 9576960.0, 67239936.0, 0.8847280000000001, 6222776336.0, 891.0, 540.0, 
260.0, 135296.0, 9048064.0, 67633152.0, 7.671715, 6225963792.0, 138.0, 541.0, 
2052.0, 0.0, 6949888.0, 69206016.0, 0.905005, 6230306832.0, 709.0, 542.0, 
1028.0, 0.0, 9712128.0, 67371008.0, 1.139398, 6241896464.0, 474.0, 543.0, 
16388.0, 40976.0, 4268032.0, 71303168.0, 1.0470409999999999, 6246187248.0, 563.0, 544.0, 
516.0, 0.0, 9449728.0, 67633152.0, 1.730957, 6248170512.0, 318.0, 545.0, 
8196.0, 0.0, 4329728.0, 71303168.0, 1.1483860000000001, 6249282576.0, 415.0, 546.0, 
16388.0, 73760.0, 4341760.0, 71303168.0, 0.8024180000000001, 6251069904.0, 959.0, 547.0, 
4100.0, 0.0, 4459008.0, 71303168.0, 0.9042209999999999, 6257022992.0, 717.0, 548.0, 
16388.0, 139328.0, 4489216.0, 71303168.0, 1.076571, 6260835216.0, 535.0, 549.0, 
5172.0, 0.0, 4726784.0, 71303168.0, 17.136806, 6273093840.0, 19.0, 550.0, 
9316.0, 0.0, 4734976.0, 71303168.0, 5.977988, 6273601936.0, 219.0, 551.0, 
17604.0, 0.0, 4751360.0, 71303168.0, 13.321106, 6274618128.0, 48.0, 552.0, 
2052.0, 0.0, 10560512.0, 67174400.0, 0.878244, 6276288528.0, 916.0, 553.0, 
260.0, 33920.0, 4784128.0, 71303168.0, 8.681757000000001, 6276989712.0, 101.0, 554.0, 
1028.0, 0.0, 9982464.0, 67633152.0, 1.132099, 6280136720.0, 491.0, 555.0, 
516.0, 66816.0, 4849664.0, 71303168.0, 1.7274060000000002, 6281383440.0, 322.0, 556.0, 
2052.0, 0.0, 10630144.0, 67239936.0, 0.886026, 6285971472.0, 878.0, 557.0, 
1028.0, 132608.0, 4980736.0, 71303168.0, 1.14513, 6290170896.0, 438.0, 558.0, 
8196.0, 0.0, 9443328.0, 68157440.0, 0.9008209999999999, 6291857424.0, 782.0, 559.0, 
20532.0, 0.0, 9454592.0, 68157440.0, 7.5865350000000005, 6292582608.0, 150.0, 560.0, 
16388.0, 0.0, 5054592.0, 71303168.0, 1.0381, 6292807184.0, 574.0, 561.0, 
68.0, 36896.0, 9472000.0, 68157440.0, 6.418818, 6294061776.0, 187.0, 562.0, 
132.0, 69696.0, 9506816.0, 68157440.0, 13.505507000000001, 6296610192.0, 47.0, 563.0, 
4100.0, 0.0, 8130560.0, 69206016.0, 0.9041809999999999, 6301155344.0, 718.0, 564.0, 
260.0, 135296.0, 9576448.0, 68157440.0, 8.382534, 6301707024.0, 105.0, 565.0, 
2052.0, 0.0, 10769408.0, 67371008.0, 0.8993610000000001, 6305337360.0, 804.0, 566.0, 
2052.0, 0.0, 5507072.0, 71303168.0, 0.904647, 6319898640.0, 714.0, 567.0, 
8196.0, 0.0, 5509632.0, 71303168.0, 1.149343, 6320076816.0, 411.0, 568.0, 
516.0, 0.0, 9982208.0, 68157440.0, 1.7100380000000002, 6324159504.0, 340.0, 569.0, 
16388.0, 0.0, 8659968.0, 69206016.0, 0.8226899999999999, 6332968976.0, 949.0, 570.0, 
16388.0, 0.0, 5906688.0, 71303168.0, 1.0440129999999999, 6343932944.0, 567.0, 571.0, 
2052.0, 0.0, 11047936.0, 67633152.0, 0.9046489999999999, 6344069136.0, 713.0, 572.0, 
1028.0, 0.0, 10523136.0, 68157440.0, 1.146698, 6356617232.0, 422.0, 573.0, 
4100.0, 0.0, 6294528.0, 71303168.0, 0.902417, 6367154192.0, 757.0, 574.0, 
4100.0, 0.0, 12662784.0, 67174400.0, 0.8767520000000001, 6402433040.0, 926.0, 575.0, 
16388.0, 0.0, 12675072.0, 67174400.0, 0.713022, 6403219472.0, 994.0, 576.0, 
4100.0, 0.0, 12736512.0, 67239936.0, 0.884977, 6412361744.0, 890.0, 577.0, 
16388.0, 0.0, 12756992.0, 67239936.0, 0.763508, 6413639696.0, 980.0, 578.0, 
2052.0, 0.0, 11604992.0, 68157440.0, 0.907098, 6421532688.0, 684.0, 579.0, 
10292.0, 0.0, 7352320.0, 71303168.0, 7.734023, 6430646480.0, 132.0, 580.0, 
18532.0, 0.0, 7364608.0, 71303168.0, 6.640228, 6431416720.0, 175.0, 581.0, 
4100.0, 0.0, 12883968.0, 67371008.0, 0.8958870000000001, 6432219152.0, 831.0, 582.0, 
132.0, 34880.0, 7389184.0, 71303168.0, 1.245788, 6433306000.0, 391.0, 583.0, 
16388.0, 0.0, 12920832.0, 67371008.0, 0.775859, 6434480144.0, 974.0, 584.0, 
260.0, 67712.0, 7438336.0, 71303168.0, 1.104301, 6436715280.0, 524.0, 585.0, 
8196.0, 0.0, 10491904.0, 69206016.0, 0.9023209999999999, 6442852368.0, 760.0, 586.0, 
516.0, 133376.0, 7536640.0, 71303168.0, 0.9652459999999999, 6443533840.0, 611.0, 587.0, 
20532.0, 0.0, 10504192.0, 69206016.0, 7.622299000000001, 6443638992.0, 147.0, 588.0, 
68.0, 36896.0, 10522624.0, 69206016.0, 6.653291, 6445179600.0, 174.0, 589.0, 
16388.0, 0.0, 7610880.0, 71303168.0, 1.046573, 6446184464.0, 564.0, 590.0, 
132.0, 69696.0, 10559488.0, 69206016.0, 13.230255, 6447850896.0, 51.0, 591.0, 
260.0, 135296.0, 10633216.0, 69206016.0, 8.375791, 6453193488.0, 106.0, 592.0, 
8196.0, 0.0, 7869440.0, 71303168.0, 1.1486299999999998, 6461665296.0, 413.0, 593.0, 
1028.0, 0.0, 7997952.0, 71303168.0, 0.914697, 6469347344.0, 653.0, 594.0, 
4100.0, 0.0, 13178880.0, 67633152.0, 0.897935, 6471933968.0, 816.0, 595.0, 
516.0, 0.0, 11047168.0, 69206016.0, 1.7268759999999999, 6476137488.0, 324.0, 596.0, 
16388.0, 0.0, 13248512.0, 67633152.0, 0.76393, 6476161040.0, 979.0, 597.0, 
2052.0, 0.0, 8653824.0, 71303168.0, 0.907308, 6508703760.0, 681.0, 598.0, 
1028.0, 0.0, 11604480.0, 69206016.0, 1.146491, 6509578256.0, 425.0, 599.0, 
4100.0, 0.0, 13768704.0, 68157440.0, 0.89986, 6551363600.0, 791.0, 600.0, 
16388.0, 0.0, 13903872.0, 68157440.0, 0.798268, 6559522832.0, 962.0, 601.0, 
2052.0, 0.0, 12719104.0, 69206016.0, 0.904125, 6576459792.0, 722.0, 602.0, 
4100.0, 0.0, 9965568.0, 71303168.0, 0.9026270000000001, 6587416592.0, 751.0, 603.0, 
16580.0, 0.0, 4235264.0, 75497472.0, 1.8652819999999999, 6595969808.0, 299.0, 604.0, 
24948.0, 0.0, 4235264.0, 75497472.0, 1.794314, 6596003280.0, 306.0, 605.0, 
468.0, 41216.0, 4235264.0, 75497472.0, 3.10443, 6596482384.0, 273.0, 606.0, 
916.0, 74240.0, 4235264.0, 75497472.0, 3.183293, 6596946512.0, 265.0, 607.0, 
1812.0, 140288.0, 4235264.0, 75497472.0, 1.68405, 6597874768.0, 354.0, 608.0, 
24916.0, 0.0, 4276224.0, 75497472.0, 2.950766, 6598460752.0, 276.0, 609.0, 
388.0, 33024.0, 4276224.0, 75497472.0, 2.167928, 6598824976.0, 289.0, 610.0, 
740.0, 49664.0, 4276224.0, 75497472.0, 1.178894, 6599059344.0, 403.0, 611.0, 
1444.0, 82944.0, 4276224.0, 75497472.0, 1.0769870000000001, 6599528080.0, 534.0, 612.0, 
2852.0, 149504.0, 4276224.0, 75497472.0, 0.9573389999999999, 6600465552.0, 622.0, 613.0, 
372.0, 41216.0, 4358144.0, 75497472.0, 10.624992, 6603854800.0, 93.0, 614.0, 
676.0, 49664.0, 4358144.0, 75497472.0, 5.215472, 6603974288.0, 246.0, 615.0, 
1284.0, 66560.0, 4358144.0, 75497472.0, 1.315286, 6604213264.0, 385.0, 616.0, 
2500.0, 100352.0, 4358144.0, 75497472.0, 1.1064180000000001, 6604691216.0, 523.0, 617.0, 
4932.0, 167936.0, 4358144.0, 75497472.0, 0.9657379999999999, 6605647120.0, 608.0, 618.0, 
3604.0, 0.0, 4507648.0, 75497472.0, 1.117899, 6612260944.0, 510.0, 619.0, 
692.0, 74240.0, 4521984.0, 75497472.0, 13.828312, 6614148816.0, 44.0, 620.0, 
1252.0, 82944.0, 4521984.0, 75497472.0, 5.697286, 6614272912.0, 235.0, 621.0, 
2372.0, 100352.0, 4521984.0, 75497472.0, 1.334019, 6614521104.0, 374.0, 622.0, 
4612.0, 135168.0, 4521984.0, 75497472.0, 1.109599, 6615017488.0, 519.0, 623.0, 
5668.0, 0.0, 4558848.0, 75497472.0, 0.908911, 6615341200.0, 670.0, 624.0, 
9092.0, 204800.0, 4521984.0, 75497472.0, 0.9656100000000001, 6616010256.0, 609.0, 625.0, 
9796.0, 0.0, 4661248.0, 75497472.0, 0.9069010000000001, 6621501712.0, 690.0, 626.0, 
7188.0, 0.0, 4771840.0, 75497472.0, 1.119306, 6628126800.0, 507.0, 627.0, 
11300.0, 0.0, 4825088.0, 75497472.0, 0.8996049999999999, 6631338128.0, 797.0, 628.0, 
18052.0, 0.0, 4866048.0, 75497472.0, 0.9106920000000001, 6633822736.0, 665.0, 629.0, 
1332.0, 140288.0, 4849664.0, 75497472.0, 16.324314, 6634736848.0, 28.0, 630.0, 
2404.0, 149504.0, 4849664.0, 75497472.0, 5.746693, 6634870160.0, 230.0, 631.0, 
4548.0, 167936.0, 4849664.0, 75497472.0, 1.3507209999999998, 6635136784.0, 371.0, 632.0, 
8836.0, 204800.0, 4849664.0, 75497472.0, 1.10755, 6635670032.0, 521.0, 633.0, 
19524.0, 0.0, 4931584.0, 75497472.0, 0.903999, 6637760784.0, 726.0, 634.0, 
17412.0, 0.0, 5128192.0, 75497472.0, 0.9639409999999999, 6649548816.0, 615.0, 635.0, 
16388.0, 0.0, 11019264.0, 71303168.0, 0.772463, 6650687504.0, 975.0, 636.0, 
2052.0, 33920.0, 5144576.0, 75497472.0, 0.907524, 6650945296.0, 679.0, 637.0, 
1028.0, 33536.0, 5275648.0, 75497472.0, 0.913903, 6658800144.0, 657.0, 638.0, 
14356.0, 0.0, 5300224.0, 75497472.0, 1.127638, 6659858512.0, 496.0, 639.0, 
22564.0, 0.0, 5357568.0, 75497472.0, 0.8994489999999999, 6663331984.0, 802.0, 640.0, 
4100.0, 34880.0, 5472256.0, 75497472.0, 0.8983979999999999, 6670627728.0, 812.0, 641.0, 
2052.0, 66816.0, 5570560.0, 75497472.0, 0.9053040000000001, 6676964880.0, 705.0, 642.0, 
4100.0, 67712.0, 5701632.0, 75497472.0, 0.90159, 6684849936.0, 770.0, 643.0, 
2612.0, 0.0, 5777408.0, 75497472.0, 16.784986, 6688442576.0, 24.0, 644.0, 
4708.0, 0.0, 5787648.0, 75497472.0, 6.0536449999999995, 6689065360.0, 213.0, 645.0, 
8900.0, 0.0, 5808128.0, 75497472.0, 1.352064, 6690310928.0, 370.0, 646.0, 
17284.0, 0.0, 5849088.0, 75497472.0, 1.106925, 6692802064.0, 522.0, 647.0, 
516.0, 33536.0, 5931008.0, 75497472.0, 0.969878, 6698119696.0, 607.0, 648.0, 
1028.0, 66560.0, 6094848.0, 75497472.0, 0.914768, 6708414480.0, 652.0, 649.0, 
4100.0, 0.0, 14948352.0, 69206016.0, 0.90049, 6710222864.0, 788.0, 650.0, 
4100.0, 133376.0, 6160384.0, 75497472.0, 0.9021629999999999, 6713294352.0, 762.0, 651.0, 
28692.0, 0.0, 6356992.0, 75497472.0, 0.8951790000000001, 6723321936.0, 840.0, 652.0, 
16388.0, 0.0, 15214592.0, 69206016.0, 0.7475470000000001, 6726246416.0, 987.0, 653.0, 
8196.0, 36896.0, 6422528.0, 75497472.0, 0.8981030000000001, 6727688656.0, 814.0, 654.0, 
2052.0, 132608.0, 6422528.0, 75497472.0, 0.9082870000000001, 6729004048.0, 674.0, 655.0, 
8196.0, 69696.0, 6553600.0, 75497472.0, 0.898568, 6736012176.0, 809.0, 656.0, 
8196.0, 0.0, 12589056.0, 71303168.0, 0.901033, 6744842256.0, 778.0, 657.0, 
20532.0, 0.0, 12603392.0, 71303168.0, 7.610019, 6745751760.0, 148.0, 658.0, 
68.0, 36896.0, 12623872.0, 71303168.0, 6.470571, 6747415248.0, 181.0, 659.0, 
132.0, 69696.0, 12664832.0, 71303168.0, 12.929219999999999, 6750332304.0, 60.0, 660.0, 
8196.0, 135296.0, 6815744.0, 75497472.0, 0.899018, 6752659216.0, 806.0, 661.0, 
260.0, 135296.0, 12746752.0, 71303168.0, 7.811780000000001, 6756166416.0, 126.0, 662.0, 
516.0, 0.0, 13177088.0, 71303168.0, 1.7234040000000002, 6780093456.0, 330.0, 663.0, 
4100.0, 0.0, 7342592.0, 75497472.0, 0.9026549999999999, 6782359568.0, 750.0, 664.0, 
5172.0, 0.0, 7352320.0, 75497472.0, 16.952817, 6782947536.0, 20.0, 665.0, 
9316.0, 0.0, 7364608.0, 75497472.0, 6.303653, 6783701392.0, 194.0, 666.0, 
17604.0, 0.0, 7389184.0, 75497472.0, 1.3601969999999999, 6785209104.0, 369.0, 667.0, 
260.0, 33920.0, 7438336.0, 75497472.0, 1.1112959999999998, 6788563728.0, 518.0, 668.0, 
516.0, 66816.0, 7536640.0, 75497472.0, 0.9652620000000001, 6794923536.0, 610.0, 669.0, 
8196.0, 0.0, 7606528.0, 75497472.0, 0.902485, 6798212112.0, 755.0, 670.0, 
1028.0, 132608.0, 7733248.0, 75497472.0, 0.9161959999999999, 6807643152.0, 645.0, 671.0, 
1028.0, 0.0, 13767168.0, 71303168.0, 1.145116, 6815500304.0, 439.0, 672.0, 
2052.0, 0.0, 8390656.0, 75497472.0, 0.905805, 6845235216.0, 702.0, 673.0, 
16388.0, 40976.0, 8470528.0, 75497472.0, 1.068047, 6850658544.0, 544.0, 674.0, 
16388.0, 73760.0, 8552448.0, 75497472.0, 0.838448, 6856032720.0, 947.0, 675.0, 
8196.0, 0.0, 8429568.0, 75612160.0, 0.873791, 6857228304.0, 932.0, 676.0, 
16388.0, 139328.0, 8716288.0, 75497472.0, 0.793443, 6866781072.0, 967.0, 677.0, 
8196.0, 0.0, 8462336.0, 75726848.0, 0.887022, 6868828176.0, 870.0, 678.0, 
8196.0, 0.0, 8917504.0, 75497472.0, 0.9013180000000001, 6876870672.0, 775.0, 679.0, 
2052.0, 0.0, 14947328.0, 71303168.0, 0.906049, 6886314000.0, 698.0, 680.0, 
8196.0, 0.0, 8527872.0, 75956224.0, 0.892617, 6892027920.0, 853.0, 681.0, 
16388.0, 0.0, 9314432.0, 75497472.0, 0.80612, 6900719120.0, 955.0, 682.0, 
4100.0, 0.0, 9440256.0, 75497472.0, 0.9029469999999999, 6908219408.0, 742.0, 683.0, 
8196.0, 0.0, 8658944.0, 76414976.0, 0.896705, 6938427408.0, 828.0, 684.0, 
16388.0, 0.0, 10232064.0, 75497472.0, 0.818109, 6955777040.0, 951.0, 685.0, 
10292.0, 0.0, 10502144.0, 75497472.0, 7.801605, 6971957456.0, 127.0, 686.0, 
18532.0, 0.0, 10518528.0, 75497472.0, 6.622591000000001, 6972973456.0, 176.0, 687.0, 
132.0, 34880.0, 10551296.0, 75497472.0, 1.2376, 6975354256.0, 395.0, 688.0, 
260.0, 67712.0, 10616832.0, 75497472.0, 1.099392, 6979746576.0, 529.0, 689.0, 
516.0, 133376.0, 10747904.0, 75497472.0, 0.964058, 6988531216.0, 614.0, 690.0, 
1028.0, 0.0, 11274752.0, 75497472.0, 0.9168790000000001, 7018276880.0, 643.0, 691.0, 
8196.0, 0.0, 8921088.0, 77332480.0, 0.898802, 7031226384.0, 807.0, 692.0, 
8196.0, 0.0, 11539456.0, 75497472.0, 0.9037200000000001, 7034187792.0, 730.0, 693.0, 
36.0, 106576.0, 0.0, 84017152.0, 7.664623, 7058932976.0, 139.0, 694.0, 
68.0, 172192.0, 0.0, 84017152.0, 6.393811, 7059851728.0, 188.0, 695.0, 
2052.0, 0.0, 12061696.0, 75497472.0, 0.9066, 7065497616.0, 693.0, 696.0, 
16388.0, 0.0, 12067328.0, 75497472.0, 0.810521, 7065892880.0, 953.0, 697.0, 
132.0, 139328.0, 164096.0, 84017152.0, 1.221786, 7069237648.0, 398.0, 698.0, 
36.0, 139408.0, 0.0, 84148224.0, 16.462657, 7070402672.0, 26.0, 699.0, 
68.0, 205088.0, 0.0, 84148224.0, 6.090867, 7071322320.0, 209.0, 700.0, 
132.0, 139328.0, 197120.0, 84148224.0, 1.2334969999999998, 7082229136.0, 396.0, 701.0, 
260.0, 0.0, 565888.0, 84017152.0, 1.079416, 7091395088.0, 533.0, 702.0, 
36.0, 205072.0, 0.0, 84410368.0, 17.87583, 7093342064.0, 14.0, 703.0, 
68.0, 73760.0, 197120.0, 84410368.0, 6.158489, 7103331024.0, 202.0, 704.0, 
260.0, 0.0, 599168.0, 84148224.0, 1.009197, 7104401936.0, 601.0, 705.0, 
132.0, 139328.0, 263168.0, 84410368.0, 12.911146, 7108212112.0, 61.0, 706.0, 
516.0, 0.0, 1090816.0, 84017152.0, 0.935311, 7122891792.0, 629.0, 707.0, 
260.0, 0.0, 665728.0, 84410368.0, 7.7009, 7130415632.0, 137.0, 708.0, 
516.0, 0.0, 1124608.0, 84148224.0, 0.91309, 7135929360.0, 659.0, 709.0, 
36.0, 40976.0, 295424.0, 84934656.0, 18.221214, 7152810352.0, 11.0, 710.0, 
68.0, 73760.0, 328704.0, 84934656.0, 6.4691279999999995, 7155266256.0, 182.0, 711.0, 
4100.0, 0.0, 13635584.0, 75497472.0, 0.9052100000000001, 7159939088.0, 706.0, 712.0, 
132.0, 139328.0, 395264.0, 84934656.0, 12.958985, 7160178064.0, 59.0, 713.0, 
516.0, 0.0, 1192192.0, 84410368.0, 1.6795069999999999, 7162004496.0, 356.0, 714.0, 
260.0, 0.0, 798848.0, 84934656.0, 7.373850999999999, 7182443024.0, 160.0, 715.0, 
1028.0, 0.0, 2140672.0, 84017152.0, 0.8922180000000001, 7185885200.0, 856.0, 716.0, 
1028.0, 0.0, 2175488.0, 84148224.0, 0.8925420000000001, 7198984208.0, 855.0, 717.0, 
516.0, 0.0, 1327360.0, 84934656.0, 1.66372, 7214154768.0, 360.0, 718.0, 
8196.0, 0.0, 9445376.0, 79167488.0, 0.9011870000000001, 7216824336.0, 776.0, 719.0, 
16388.0, 0.0, 11020288.0, 78118912.0, 0.7373529999999999, 7223271440.0, 991.0, 720.0, 
1028.0, 0.0, 2245120.0, 84410368.0, 1.135257, 7225182224.0, 485.0, 721.0, 
36.0, 40976.0, 558080.0, 85983232.0, 18.57936, 7256650096.0, 7.0, 722.0, 
68.0, 73760.0, 591872.0, 85983232.0, 6.428923, 7259136720.0, 186.0, 723.0, 
132.0, 139328.0, 659456.0, 85983232.0, 13.098147, 7264109968.0, 56.0, 724.0, 
1028.0, 0.0, 2384384.0, 84934656.0, 1.145275, 7277578256.0, 435.0, 725.0, 
260.0, 0.0, 1065088.0, 85983232.0, 7.896866, 7286497808.0, 122.0, 726.0, 
4100.0, 0.0, 5773312.0, 82837504.0, 0.901747, 7304765456.0, 768.0, 727.0, 
2052.0, 0.0, 4240384.0, 84017152.0, 0.884559, 7311872016.0, 896.0, 728.0, 
516.0, 0.0, 1597696.0, 85983232.0, 1.6903990000000002, 7318455312.0, 351.0, 729.0, 
2052.0, 0.0, 4277248.0, 84148224.0, 0.889645, 7325093904.0, 862.0, 730.0, 
2052.0, 0.0, 4350976.0, 84410368.0, 0.8998440000000001, 7351537680.0, 793.0, 731.0, 
1028.0, 0.0, 2662912.0, 85983232.0, 1.1434959999999998, 7382370320.0, 451.0, 732.0, 
2052.0, 0.0, 4498432.0, 84934656.0, 0.903943, 7404425232.0, 727.0, 733.0, 
16388.0, 0.0, 8922112.0, 82313216.0, 0.805611, 7449702416.0, 956.0, 734.0, 
36.0, 40976.0, 1083392.0, 88080384.0, 18.644064, 7464329584.0, 4.0, 735.0, 
68.0, 73760.0, 1118208.0, 88080384.0, 6.545685, 7466877648.0, 178.0, 736.0, 
132.0, 139328.0, 1187840.0, 88080384.0, 13.163532, 7471973776.0, 54.0, 737.0, 
260.0, 0.0, 1597568.0, 88080384.0, 7.438167999999999, 7494607376.0, 159.0, 738.0, 
2052.0, 0.0, 4793344.0, 85983232.0, 0.902934, 7510200336.0, 743.0, 739.0, 
516.0, 0.0, 2138368.0, 88080384.0, 1.6917830000000003, 7527056400.0, 348.0, 740.0, 
132.0, 32832.0, 8437760.0, 83886080.0, 1.528926, 7553156496.0, 367.0, 741.0, 
244.0, 49280.0, 8437760.0, 83886080.0, 1.337883, 7553387216.0, 372.0, 742.0, 
468.0, 82176.0, 8437760.0, 83886080.0, 1.2682579999999999, 7553848656.0, 388.0, 743.0, 
916.0, 147968.0, 8437760.0, 83886080.0, 1.004693, 7554771536.0, 605.0, 744.0, 
212.0, 49280.0, 8486912.0, 83886080.0, 1.570571, 7556336208.0, 366.0, 745.0, 
388.0, 65792.0, 8486912.0, 83886080.0, 1.8117150000000002, 7556568080.0, 301.0, 746.0, 
740.0, 98816.0, 8486912.0, 83886080.0, 1.170507, 7557031824.0, 408.0, 747.0, 
1444.0, 164864.0, 8486912.0, 83886080.0, 1.067521, 7557959312.0, 545.0, 748.0, 
372.0, 82176.0, 8585216.0, 83886080.0, 4.119946, 7562695632.0, 256.0, 749.0, 
676.0, 98816.0, 8585216.0, 83886080.0, 4.510776, 7562929808.0, 253.0, 750.0, 
1284.0, 132096.0, 8585216.0, 83886080.0, 12.806721000000001, 7563398160.0, 66.0, 751.0, 
4100.0, 0.0, 8439808.0, 84017152.0, 0.8812129999999999, 7563845648.0, 906.0, 752.0, 
16388.0, 0.0, 8400896.0, 84049920.0, 0.793955, 7564312592.0, 966.0, 753.0, 
2500.0, 198656.0, 8585216.0, 83886080.0, 14.517048999999998, 7564334864.0, 41.0, 754.0, 
1812.0, 0.0, 8717312.0, 83886080.0, 0.9071600000000001, 7569476688.0, 682.0, 755.0, 
2852.0, 0.0, 8783872.0, 83886080.0, 0.942796, 7573474448.0, 628.0, 756.0, 
8196.0, 0.0, 7346176.0, 84934656.0, 0.9032540000000001, 7575314448.0, 736.0, 757.0, 
692.0, 147968.0, 8781824.0, 83886080.0, 5.507025, 7575414480.0, 241.0, 758.0, 
1252.0, 164864.0, 8781824.0, 83886080.0, 5.300838, 7575653264.0, 245.0, 759.0, 
2372.0, 198656.0, 8781824.0, 83886080.0, 17.220976, 7576130832.0, 16.0, 760.0, 
4100.0, 0.0, 8480768.0, 84148224.0, 0.887999, 7577313296.0, 866.0, 761.0, 
16388.0, 0.0, 8400896.0, 84213760.0, 0.7681859999999999, 7578075152.0, 978.0, 762.0, 
4932.0, 0.0, 8916992.0, 83886080.0, 1.728303, 7581469968.0, 321.0, 763.0, 
3604.0, 0.0, 8980480.0, 83886080.0, 0.879604, 7585273936.0, 912.0, 764.0, 
8196.0, 0.0, 10493952.0, 82837504.0, 0.9020030000000001, 7588020240.0, 763.0, 765.0, 
4612.0, 0.0, 9048064.0, 83886080.0, 7.278347, 7589333008.0, 161.0, 766.0, 
5668.0, 0.0, 9048064.0, 83886080.0, 0.9063049999999999, 7589337232.0, 695.0, 767.0, 
1028.0, 0.0, 3219968.0, 88080384.0, 1.1472959999999999, 7591954448.0, 420.0, 768.0, 
9092.0, 0.0, 9183232.0, 83886080.0, 1.725194, 7597461008.0, 326.0, 769.0, 
9796.0, 0.0, 9183232.0, 83886080.0, 1.132282, 7597463824.0, 490.0, 770.0, 
4100.0, 0.0, 8562688.0, 84410368.0, 0.8970290000000001, 7604248592.0, 824.0, 771.0, 
16388.0, 0.0, 8400896.0, 84541440.0, 1.053439, 7605600272.0, 559.0, 772.0, 
1332.0, 0.0, 9454592.0, 83886080.0, 6.120483999999999, 7613711568.0, 205.0, 773.0, 
18052.0, 0.0, 9453568.0, 83886080.0, 1.1416540000000002, 7613717008.0, 461.0, 774.0, 
2404.0, 0.0, 9472000.0, 83886080.0, 5.5727720000000005, 7614760336.0, 240.0, 775.0, 
4548.0, 0.0, 9506816.0, 83886080.0, 11.353682000000001, 7616857872.0, 86.0, 776.0, 
7188.0, 0.0, 9506816.0, 83886080.0, 0.8775069999999999, 7616868432.0, 922.0, 777.0, 
8836.0, 0.0, 9576448.0, 83886080.0, 7.988687, 7621052944.0, 117.0, 778.0, 
11300.0, 0.0, 9576448.0, 83886080.0, 0.8995280000000001, 7621062800.0, 800.0, 779.0, 
17412.0, 0.0, 9715712.0, 83886080.0, 1.7316220000000002, 7629443088.0, 317.0, 780.0, 
19524.0, 0.0, 9715712.0, 83886080.0, 0.9039209999999999, 7629451536.0, 728.0, 781.0, 
1028.0, 33536.0, 9994240.0, 83886080.0, 1.14445, 7646558736.0, 444.0, 782.0, 
2052.0, 33920.0, 9994240.0, 83886080.0, 0.906542, 7646568208.0, 694.0, 783.0, 
4100.0, 0.0, 8726528.0, 84934656.0, 0.899475, 7658119184.0, 801.0, 784.0, 
16388.0, 0.0, 8400896.0, 85196800.0, 1.0555620000000001, 7660650512.0, 556.0, 785.0, 
2612.0, 0.0, 10504192.0, 83886080.0, 6.957393, 7676692688.0, 168.0, 786.0, 
4708.0, 0.0, 10522624.0, 83886080.0, 6.104676, 7677806992.0, 207.0, 787.0, 
8900.0, 0.0, 10559488.0, 83886080.0, 12.723945, 7680035600.0, 68.0, 788.0, 
14356.0, 0.0, 10559488.0, 83886080.0, 0.88355, 7680057424.0, 900.0, 789.0, 
2052.0, 66816.0, 10551296.0, 83886080.0, 0.908134, 7680452112.0, 675.0, 790.0, 
17284.0, 0.0, 10633216.0, 83886080.0, 7.906744000000001, 7684492816.0, 121.0, 791.0, 
22564.0, 0.0, 10633216.0, 83886080.0, 0.895544, 7684513936.0, 836.0, 792.0, 
516.0, 33536.0, 10780672.0, 83886080.0, 1.728802, 7693742608.0, 320.0, 793.0, 
4100.0, 34880.0, 10780672.0, 83886080.0, 0.8975040000000001, 7693775760.0, 822.0, 794.0, 
20532.0, 0.0, 2121728.0, 90177536.0, 7.547, 7702298832.0, 154.0, 795.0, 
68.0, 36896.0, 2146304.0, 90177536.0, 6.727935, 7704208080.0, 172.0, 796.0, 
132.0, 69696.0, 2195456.0, 90177536.0, 13.301839000000001, 7707616656.0, 49.0, 797.0, 
1028.0, 66560.0, 11075584.0, 83886080.0, 1.141278, 7711901712.0, 463.0, 798.0, 
4100.0, 67712.0, 11075584.0, 83886080.0, 0.899858, 7711930128.0, 792.0, 799.0, 
260.0, 135296.0, 2293760.0, 90177536.0, 8.459885, 7714433808.0, 102.0, 800.0, 
2052.0, 0.0, 5383168.0, 88080384.0, 0.905582, 7721750544.0, 703.0, 801.0, 
516.0, 0.0, 2756864.0, 90177536.0, 1.7410860000000001, 7740326928.0, 311.0, 802.0, 
2052.0, 132608.0, 11665408.0, 83886080.0, 0.9088510000000001, 7748219920.0, 671.0, 803.0, 
4100.0, 133376.0, 11665408.0, 83886080.0, 0.9041440000000001, 7748238864.0, 721.0, 804.0, 
4100.0, 0.0, 9054208.0, 85983232.0, 0.8998149999999999, 7765860368.0, 794.0, 805.0, 
16388.0, 0.0, 8400896.0, 86507520.0, 1.019369, 7770750992.0, 593.0, 806.0, 
1028.0, 0.0, 3412480.0, 90177536.0, 1.1455950000000001, 7779665936.0, 429.0, 807.0, 
5172.0, 0.0, 12603392.0, 83886080.0, 7.7999089999999995, 7802654928.0, 128.0, 808.0, 
9316.0, 0.0, 12623872.0, 83886080.0, 6.371253, 7803900304.0, 189.0, 809.0, 
17604.0, 0.0, 12664832.0, 83886080.0, 12.564143, 7806391056.0, 72.0, 810.0, 
28692.0, 0.0, 12664832.0, 83886080.0, 0.887658, 7806435408.0, 867.0, 811.0, 
260.0, 33920.0, 12746752.0, 83886080.0, 8.019339, 7811711760.0, 115.0, 812.0, 
8196.0, 36896.0, 12746752.0, 83886080.0, 0.892639, 7811785168.0, 852.0, 813.0, 
516.0, 66816.0, 12910592.0, 83886080.0, 1.734543, 7822003728.0, 314.0, 814.0, 
8196.0, 69696.0, 12910592.0, 83886080.0, 0.895231, 7822074768.0, 839.0, 815.0, 
4100.0, 0.0, 13109760.0, 83886080.0, 0.90056, 7833032720.0, 787.0, 816.0, 
1028.0, 132608.0, 13238272.0, 83886080.0, 1.151887, 7842587664.0, 410.0, 817.0, 
8196.0, 135296.0, 13238272.0, 83886080.0, 0.897553, 7842653968.0, 820.0, 818.0, 
2052.0, 0.0, 4723712.0, 90177536.0, 0.909228, 7858343952.0, 668.0, 819.0, 
36.0, 40976.0, 2134016.0, 92274688.0, 18.612387, 7879688560.0, 5.0, 820.0, 
68.0, 73760.0, 2170880.0, 92274688.0, 6.568933, 7882359504.0, 177.0, 821.0, 
132.0, 139328.0, 2244608.0, 92274688.0, 12.761704, 7887701392.0, 67.0, 822.0, 
2052.0, 0.0, 14157824.0, 83886080.0, 0.906019, 7895908368.0, 699.0, 823.0, 
8196.0, 0.0, 14160128.0, 83886080.0, 0.899918, 7896071184.0, 789.0, 824.0, 
260.0, 0.0, 2662528.0, 92274688.0, 8.017075, 7910826512.0, 116.0, 825.0, 
516.0, 0.0, 3219712.0, 92274688.0, 1.6906869999999998, 7944258576.0, 350.0, 826.0, 
16388.0, 0.0, 13641728.0, 84934656.0, 0.771357, 7953080336.0, 977.0, 827.0, 
4100.0, 0.0, 9709568.0, 88080384.0, 0.9023770000000001, 7981342736.0, 758.0, 828.0, 
16388.0, 0.0, 8400896.0, 89128960.0, 1.04498, 7990951952.0, 565.0, 829.0, 
1028.0, 0.0, 4334080.0, 92274688.0, 1.1432149999999999, 8011122704.0, 453.0, 830.0, 
4100.0, 0.0, 7346176.0, 90177536.0, 0.9030590000000001, 8015699984.0, 740.0, 831.0, 
2052.0, 0.0, 6562816.0, 92274688.0, 0.906542, 8144850960.0, 694.0, 832.0, 
8196.0, 0.0, 5771776.0, 93847552.0, 0.900949, 8229533712.0, 779.0, 833.0, 
16388.0, 40976.0, 8437760.0, 92323840.0, 0.777464, 8262107376.0, 973.0, 834.0, 
4100.0, 0.0, 4197376.0, 95420416.0, 0.9054620000000001, 8267173904.0, 704.0, 835.0, 
16388.0, 73760.0, 8486912.0, 92372992.0, 0.7918430000000001, 8269644240.0, 968.0, 836.0, 
8196.0, 0.0, 8400896.0, 92454912.0, 0.8724350000000001, 8270299152.0, 937.0, 837.0, 
16388.0, 139328.0, 8585216.0, 92471296.0, 1.051922, 8284717968.0, 560.0, 838.0, 
8196.0, 0.0, 8400896.0, 92635136.0, 0.884516, 8285437968.0, 897.0, 839.0, 
8196.0, 0.0, 8400896.0, 92995584.0, 1.1341350000000001, 8315715600.0, 488.0, 840.0, 
16388.0, 0.0, 9052288.0, 92667904.0, 1.008526, 8327306768.0, 603.0, 841.0, 
8196.0, 0.0, 12591104.0, 90177536.0, 0.901425, 8330412048.0, 772.0, 842.0, 
8196.0, 0.0, 8400896.0, 93716480.0, 1.140313, 8376270864.0, 470.0, 843.0, 
16388.0, 0.0, 9707776.0, 93061120.0, 1.039448, 8399666192.0, 571.0, 844.0, 
10292.0, 0.0, 2121728.0, 98566144.0, 7.552222, 8406900944.0, 152.0, 845.0, 
18532.0, 0.0, 2146304.0, 98566144.0, 6.314011, 8408408464.0, 193.0, 846.0, 
132.0, 34880.0, 2195456.0, 98566144.0, 1.240658, 8411772304.0, 394.0, 847.0, 
4100.0, 0.0, 11020288.0, 92274688.0, 0.9029879999999999, 8412307472.0, 741.0, 848.0, 
260.0, 67712.0, 2293760.0, 98566144.0, 1.098957, 8418130704.0, 530.0, 849.0, 
516.0, 133376.0, 2490368.0, 98566144.0, 0.962303, 8430847504.0, 618.0, 850.0, 
16388.0, 0.0, 8400896.0, 94371840.0, 1.073027, 8431353872.0, 541.0, 851.0, 
8196.0, 0.0, 7345152.0, 95420416.0, 0.903091, 8456056848.0, 739.0, 852.0, 
1028.0, 0.0, 3148288.0, 98566144.0, 0.9159430000000001, 8468457488.0, 646.0, 853.0, 
8196.0, 0.0, 8400896.0, 95158272.0, 1.141584, 8497381392.0, 462.0, 854.0, 
2052.0, 0.0, 4197376.0, 98566144.0, 0.907159, 8531406864.0, 683.0, 855.0, 
16388.0, 0.0, 11018752.0, 93847552.0, 1.0120069999999999, 8544385040.0, 600.0, 856.0, 
4100.0, 0.0, 6295552.0, 98566144.0, 0.9028809999999999, 8657305616.0, 745.0, 857.0, 
36.0, 40976.0, 4235264.0, 100663296.0, 7.862375, 8710406512.0, 123.0, 858.0, 
68.0, 73760.0, 4276224.0, 100663296.0, 6.528773999999999, 8713323216.0, 179.0, 859.0, 
132.0, 139328.0, 4358144.0, 100663296.0, 1.196587, 8719156624.0, 401.0, 860.0, 
8196.0, 0.0, 8400896.0, 98041856.0, 1.146635, 8739602448.0, 423.0, 861.0, 
260.0, 0.0, 4792448.0, 100663296.0, 1.108036, 8743264784.0, 520.0, 862.0, 
516.0, 0.0, 5382400.0, 100663296.0, 0.962075, 8778662928.0, 619.0, 863.0, 
16388.0, 0.0, 13640704.0, 95420416.0, 0.816466, 8833822736.0, 952.0, 864.0, 
1028.0, 0.0, 6562304.0, 100663296.0, 0.9175770000000001, 8849459216.0, 638.0, 865.0, 
8196.0, 0.0, 10491904.0, 98566144.0, 0.9019729999999999, 8909103120.0, 765.0, 866.0, 
2052.0, 0.0, 8922112.0, 100663296.0, 0.9093629999999999, 8991051792.0, 667.0, 867.0, 
20532.0, 0.0, 4227072.0, 104857600.0, 7.482339, 9061744848.0, 156.0, 868.0, 
68.0, 36896.0, 4259840.0, 104857600.0, 6.316486, 9064145616.0, 192.0, 869.0, 
132.0, 69696.0, 4325376.0, 104857600.0, 1.207239, 9068537232.0, 399.0, 870.0, 
260.0, 135296.0, 4456448.0, 104857600.0, 1.111651, 9077320464.0, 517.0, 871.0, 
516.0, 0.0, 4985088.0, 104857600.0, 0.962393, 9107145744.0, 617.0, 872.0, 
1028.0, 0.0, 5771776.0, 104857600.0, 0.917234, 9154349072.0, 641.0, 873.0, 
8196.0, 0.0, 8400896.0, 103809024.0, 1.144387, 9224044560.0, 445.0, 874.0, 
2052.0, 0.0, 7345152.0, 104857600.0, 0.9083469999999999, 9248755728.0, 673.0, 875.0, 
4100.0, 0.0, 13641728.0, 100663296.0, 0.9027360000000001, 9274236944.0, 749.0, 876.0, 
16388.0, 0.0, 8400896.0, 104857600.0, 0.79975, 9312157712.0, 960.0, 877.0, 
4100.0, 0.0, 10491904.0, 104857600.0, 0.9044549999999999, 9437569040.0, 715.0, 878.0, 
16388.0, 0.0, 4204544.0, 113246208.0, 0.762993, 9765019664.0, 981.0, 879.0, 
132.0, 65600.0, 0.0, 117506048.0, 1.159238, 9871426960.0, 409.0, 880.0, 
244.0, 98432.0, 0.0, 117506048.0, 1.019448, 9871887056.0, 592.0, 881.0, 
468.0, 164096.0, 0.0, 117506048.0, 2.089464, 9872807248.0, 293.0, 882.0, 
212.0, 98432.0, 0.0, 117571584.0, 2.312275, 9877391952.0, 282.0, 883.0, 
388.0, 131328.0, 0.0, 117571584.0, 1.651557, 9877853200.0, 363.0, 884.0, 
740.0, 197120.0, 0.0, 117571584.0, 1.0750950000000001, 9878775696.0, 538.0, 885.0, 
16388.0, 0.0, 0.0, 117653504.0, 0.9173520000000001, 9882959888.0, 639.0, 886.0, 
916.0, 0.0, 295424.0, 117506048.0, 2.220197, 9888237136.0, 287.0, 887.0, 
372.0, 164096.0, 0.0, 117702656.0, 7.855522000000001, 9889321936.0, 124.0, 888.0, 
676.0, 197120.0, 0.0, 117702656.0, 3.7884800000000003, 9889785488.0, 259.0, 889.0, 
1444.0, 0.0, 328704.0, 117571584.0, 1.018383, 9895741072.0, 595.0, 890.0, 
16388.0, 0.0, 0.0, 117850112.0, 0.694029, 9899474960.0, 996.0, 891.0, 
1284.0, 0.0, 263168.0, 117702656.0, 10.674432000000001, 9902818320.0, 92.0, 892.0, 
1812.0, 0.0, 558080.0, 117506048.0, 1.488007, 9904000080.0, 368.0, 893.0, 
2500.0, 0.0, 395264.0, 117702656.0, 11.125808000000001, 9910748944.0, 90.0, 894.0, 
2852.0, 0.0, 591872.0, 117571584.0, 0.915795, 9911536784.0, 648.0, 895.0, 
4932.0, 0.0, 659456.0, 117702656.0, 1.6561439999999998, 9926610192.0, 361.0, 896.0, 
692.0, 0.0, 295424.0, 117964800.0, 9.751084, 9926771408.0, 99.0, 897.0, 
1252.0, 0.0, 328704.0, 117964800.0, 4.447664, 9928770448.0, 254.0, 898.0, 
16388.0, 0.0, 0.0, 118243328.0, 0.9258719999999999, 9932505104.0, 632.0, 899.0, 
2372.0, 0.0, 395264.0, 117964800.0, 13.219675, 9932768528.0, 53.0, 900.0, 
3604.0, 0.0, 1083392.0, 117506048.0, 1.063425, 9935525968.0, 548.0, 901.0, 
4612.0, 0.0, 528384.0, 117964800.0, 6.896881, 9940764688.0, 170.0, 902.0, 
5668.0, 0.0, 1118208.0, 117571584.0, 0.88035, 9943128208.0, 909.0, 903.0, 
9092.0, 0.0, 794624.0, 117964800.0, 1.7122709999999999, 9956757008.0, 339.0, 904.0, 
9796.0, 0.0, 1187840.0, 117702656.0, 1.11436, 9958332688.0, 515.0, 905.0, 
1332.0, 0.0, 558080.0, 118489088.0, 11.271033000000001, 9986573520.0, 89.0, 906.0, 
2404.0, 0.0, 591872.0, 118489088.0, 5.07886, 9988605328.0, 250.0, 907.0, 
18052.0, 0.0, 1327104.0, 117964800.0, 1.13155, 9988741648.0, 492.0, 908.0, 
4548.0, 0.0, 659456.0, 118489088.0, 10.617146, 9992668944.0, 94.0, 909.0, 
16388.0, 0.0, 0.0, 119029760.0, 0.906711, 9998565392.0, 692.0, 910.0, 
7188.0, 0.0, 2134016.0, 117506048.0, 1.05505, 9998577744.0, 557.0, 911.0, 
8836.0, 0.0, 794624.0, 118489088.0, 7.73113, 10000796176.0, 133.0, 912.0, 
11300.0, 0.0, 2170880.0, 117571584.0, 0.8748870000000001, 10006311056.0, 930.0, 913.0, 
17412.0, 0.0, 1064960.0, 118489088.0, 1.7238810000000002, 10017050640.0, 329.0, 914.0, 
19524.0, 0.0, 2244608.0, 117702656.0, 0.89692, 10021777680.0, 826.0, 915.0, 
1028.0, 33536.0, 1605632.0, 118489088.0, 1.135592, 10049894928.0, 483.0, 916.0, 
2052.0, 33920.0, 2392064.0, 117964800.0, 0.9006040000000001, 10053050128.0, 786.0, 917.0, 
2612.0, 0.0, 1083392.0, 119537664.0, 12.593596, 10106177744.0, 71.0, 918.0, 
4708.0, 0.0, 1118208.0, 119537664.0, 5.6072120000000005, 10108275088.0, 239.0, 919.0, 
8900.0, 0.0, 1187840.0, 119537664.0, 12.012734, 10112469776.0, 79.0, 920.0, 
2052.0, 66816.0, 2686976.0, 118489088.0, 0.904234, 10115245584.0, 716.0, 921.0, 
8196.0, 0.0, 4202496.0, 117440512.0, 0.9009370000000001, 10117185552.0, 780.0, 922.0, 
17284.0, 0.0, 1327104.0, 119537664.0, 8.263986000000001, 10120859152.0, 110.0, 923.0, 
14356.0, 0.0, 4235264.0, 117506048.0, 1.073715, 10124681296.0, 540.0, 924.0, 
16388.0, 0.0, 0.0, 120602624.0, 0.922976, 10130685968.0, 633.0, 925.0, 
22564.0, 0.0, 4276224.0, 117571584.0, 0.879343, 10132676752.0, 913.0, 926.0, 
516.0, 33536.0, 1605632.0, 119537664.0, 1.720994, 10137973264.0, 333.0, 927.0, 
4100.0, 34880.0, 4358144.0, 117702656.0, 0.8945290000000001, 10149016464.0, 846.0, 928.0, 
1028.0, 66560.0, 2162688.0, 119537664.0, 1.144185, 10171861008.0, 447.0, 929.0, 
4100.0, 67712.0, 4521984.0, 117964800.0, 0.8956280000000001, 10181326608.0, 834.0, 930.0, 
8196.0, 0.0, 8400896.0, 115343360.0, 0.8966569999999999, 10192928784.0, 829.0, 931.0, 
2052.0, 132608.0, 3276800.0, 119537664.0, 0.906975, 10239636496.0, 688.0, 932.0, 
4100.0, 133376.0, 4849664.0, 118489088.0, 0.900768, 10245946896.0, 783.0, 933.0, 
5172.0, 0.0, 2134016.0, 121634816.0, 14.197173000000001, 10345386192.0, 42.0, 934.0, 
9316.0, 0.0, 2170880.0, 121634816.0, 5.9253, 10347614608.0, 222.0, 935.0, 
17604.0, 0.0, 2244608.0, 121634816.0, 13.270211999999999, 10352071440.0, 50.0, 936.0, 
260.0, 33920.0, 2392064.0, 121634816.0, 7.961716, 10361324304.0, 118.0, 937.0, 
36.0, 40976.0, 8437760.0, 117440512.0, 7.766534, 10371842416.0, 129.0, 938.0, 
68.0, 73760.0, 8486912.0, 117440512.0, 6.497627, 10375250640.0, 180.0, 939.0, 
28692.0, 0.0, 8437760.0, 117506048.0, 0.8749389999999999, 10376888400.0, 929.0, 940.0, 
516.0, 66816.0, 2686976.0, 121634816.0, 1.7206720000000002, 10379480592.0, 334.0, 941.0, 
132.0, 139328.0, 8585216.0, 117440512.0, 12.862774, 10382067088.0, 63.0, 942.0, 
8196.0, 36896.0, 8486912.0, 117571584.0, 0.8853700000000001, 10385777104.0, 885.0, 943.0, 
4100.0, 0.0, 5769728.0, 119537664.0, 0.9034610000000001, 10387363856.0, 734.0, 944.0, 
16388.0, 0.0, 0.0, 123748352.0, 0.9283530000000001, 10394927120.0, 631.0, 945.0, 
8196.0, 69696.0, 8585216.0, 117702656.0, 1.128531, 10403144592.0, 494.0, 946.0, 
260.0, 0.0, 9052288.0, 117440512.0, 7.605286, 10408141328.0, 149.0, 947.0, 
1028.0, 132608.0, 3276800.0, 121634816.0, 1.14788, 10415793168.0, 418.0, 948.0, 
8196.0, 135296.0, 8781824.0, 117964800.0, 1.138176, 10437879568.0, 476.0, 949.0, 
516.0, 0.0, 9707776.0, 117440512.0, 1.680475, 10447471632.0, 355.0, 950.0, 
2052.0, 0.0, 4720640.0, 121634816.0, 0.9081100000000001, 10500571152.0, 676.0, 951.0, 
8196.0, 0.0, 9441536.0, 118489088.0, 1.143916, 10519608336.0, 449.0, 952.0, 
1028.0, 0.0, 11018752.0, 117440512.0, 1.14537, 10526132240.0, 432.0, 953.0, 
4100.0, 0.0, 7343104.0, 121634816.0, 0.9026040000000001, 10657927184.0, 753.0, 954.0, 
8196.0, 0.0, 10490368.0, 119537664.0, 1.147957, 10670618640.0, 416.0, 955.0, 
2052.0, 0.0, 13640704.0, 117440512.0, 0.9059219999999999, 10683453456.0, 701.0, 956.0, 
10292.0, 0.0, 4235264.0, 125829120.0, 7.245842, 10823803088.0, 162.0, 957.0, 
18532.0, 0.0, 4276224.0, 125829120.0, 6.272291, 10826293648.0, 198.0, 958.0, 
132.0, 34880.0, 4358144.0, 125829120.0, 1.197746, 10831623568.0, 400.0, 959.0, 
260.0, 67712.0, 4521984.0, 125829120.0, 1.098517, 10841914128.0, 531.0, 960.0, 
516.0, 133376.0, 4849664.0, 125829120.0, 0.964889, 10862495248.0, 612.0, 961.0, 
1028.0, 0.0, 5769728.0, 125829120.0, 0.9148229999999999, 10915833872.0, 650.0, 962.0, 
16388.0, 0.0, 0.0, 130039808.0, 0.6940729999999999, 10923409424.0, 995.0, 963.0, 
8196.0, 0.0, 12588032.0, 121634816.0, 1.149022, 10972639248.0, 412.0, 964.0, 
2052.0, 0.0, 7343104.0, 125829120.0, 0.9073700000000001, 11010240528.0, 680.0, 965.0, 
16388.0, 0.0, 8400896.0, 125829120.0, 0.797693, 11073765392.0, 963.0, 966.0, 
4100.0, 0.0, 10489856.0, 125829120.0, 0.902876, 11199053840.0, 746.0, 967.0, 
16388.0, 40976.0, 0.0, 134348800.0, 1.0386, 11285938416.0, 573.0, 968.0, 
16388.0, 73760.0, 0.0, 134479872.0, 0.822106, 11297407440.0, 950.0, 969.0, 
16388.0, 139328.0, 0.0, 134742016.0, 1.061639, 11320345488.0, 550.0, 970.0, 
4100.0, 0.0, 4204544.0, 132120576.0, 0.9023450000000001, 11350417424.0, 759.0, 971.0, 
16388.0, 0.0, 270464.0, 135266304.0, 1.060014, 11378662928.0, 552.0, 972.0, 
16388.0, 0.0, 532736.0, 136314880.0, 1.037368, 11482479632.0, 575.0, 973.0, 
16388.0, 0.0, 1057280.0, 138412032.0, 1.050114, 11690113040.0, 561.0, 974.0, 
20532.0, 0.0, 8437760.0, 134217728.0, 7.141868, 11780636880.0, 164.0, 975.0, 
68.0, 36896.0, 8486912.0, 134217728.0, 6.017206, 11784020688.0, 217.0, 976.0, 
132.0, 69696.0, 8585216.0, 134217728.0, 12.690278, 11790378384.0, 69.0, 977.0, 
260.0, 135296.0, 8781824.0, 134217728.0, 8.395327, 11803093776.0, 104.0, 978.0, 
516.0, 0.0, 9441536.0, 134217728.0, 1.7244529999999998, 11840783376.0, 327.0, 979.0, 
1028.0, 0.0, 10490368.0, 134217728.0, 1.145645, 11903715344.0, 428.0, 980.0, 
8196.0, 0.0, 2103296.0, 140509184.0, 0.902482, 11929002000.0, 756.0, 981.0, 
16388.0, 0.0, 0.0, 142622720.0, 0.7248439999999999, 11980374032.0, 993.0, 982.0, 
2052.0, 0.0, 12588032.0, 134217728.0, 0.9089700000000001, 12029579280.0, 669.0, 983.0, 
16388.0, 0.0, 2106368.0, 142606336.0, 0.797658, 12105379856.0, 964.0, 984.0, 
8196.0, 0.0, 8400896.0, 138412032.0, 0.897359, 12130697232.0, 823.0, 985.0, 
4100.0, 0.0, 2103296.0, 148897792.0, 0.9062690000000001, 12633628688.0, 696.0, 986.0, 
16388.0, 0.0, 4204544.0, 150994944.0, 0.797284, 12935913488.0, 965.0, 987.0, 
8196.0, 0.0, 4202496.0, 155189248.0, 0.9040540000000001, 13288079376.0, 724.0, 988.0, 
16388.0, 0.0, 0.0, 167788544.0, 0.896558, 14094303248.0, 830.0, 989.0, 
36.0, 40976.0, 0.0, 167837696.0, 16.270204, 14098940272.0, 30.0, 990.0, 
68.0, 73760.0, 0.0, 167903232.0, 6.328014, 14104904400.0, 191.0, 991.0, 
132.0, 139328.0, 0.0, 168034304.0, 8.273477999999999, 14116832656.0, 109.0, 992.0, 
260.0, 0.0, 270464.0, 168296448.0, 7.462516, 14153130512.0, 158.0, 993.0, 
516.0, 0.0, 532736.0, 168820736.0, 1.6894919999999998, 14212908048.0, 353.0, 994.0, 
1028.0, 0.0, 1057280.0, 169869312.0, 1.140935, 14332463120.0, 465.0, 995.0, 
2052.0, 0.0, 2106368.0, 171966464.0, 0.909747, 14571573264.0, 666.0, 996.0, 
16388.0, 0.0, 8400896.0, 167772160.0, 1.0284520000000001, 14596980752.0, 583.0, 997.0, 
4100.0, 0.0, 4204544.0, 176160768.0, 0.902507, 15049793552.0, 754.0, 998.0, 
8196.0, 0.0, 8400896.0, 184549376.0, 1.1456979999999999, 16006234128.0, 427.0, 999.0, 
16388.0, 0.0, 0.0, 218120192.0, 0.9145120000000001, 18322161680.0, 655.0, 1000.0, 
